sp1_name,sp2_name,peak_flowering,start_flowering,first_no_flowering,end_flowering,flowering_length
Amaranthus retroflexus,Amaranthus retroflexus,8,7,11,10,4
Atriplex hortensis,Atriplex hortensis,8,8,10,9,2
Atriplex prostrata,Atriplex prostrata,NA,NA,NA,#VALUE!,#VALUE!
Axyris amaranthoides,Axyris amaranthoides,NA,6,9,8,3
Chenopodium album,Chenopodium album,7,7,10,9,3
Salsola tragus,Salsola tragus,9,7,11,10,4
Carum carvi,Carum carvi,7,5,9,8,4
Eryngium planum,Eryngium planum,NA,NA,NA,#VALUE!,#VALUE!
Pastinaca sativa,Pastinaca sativa,NA,NA,NA,#VALUE!,#VALUE!
Asparagus officinalis,Asparagus officinalis,6,5,9,8,4
Achillea ptarmica,Achillea ptarmica,NA,NA,NA,#VALUE!,#VALUE!
Anthemis cotula,Anthemis cotula,NA,7,10,9,3
Arctium lappa,Arctium lappa,NA,NA,NA,#VALUE!,#VALUE!
Arctium minus,Arctium minus,8,6,10,9,4
Arctium tomentosum,Arctium tomentosum,8,7,10,9,3
Artemisia absinthium,Artemisia absinthium,8,7,10,9,3
Artemisia vulgaris,Artemisia vulgaris,NA,NA,NA,#VALUE!,#VALUE!
Carduus nutans,Carduus nutans,7,6,11,10,5
Centaurea macrocephala,Centaurea macrocephala,NA,NA,NA,#VALUE!,#VALUE!
Centaurea montana,Centaurea montana,7,5,10,9,5
Cichorium intybus,Cichorium intybus,7,7,10,9,3
Cirsium arvense,Cirsium arvense,8,6,10,9,4
Cirsium vulgare,Cirsium vulgare,8,7,12,11,5
Cota tinctoria,Cota tinctoria,NA,NA,NA,#VALUE!,#VALUE!
Crepis tectorum,Crepis tectorum,6,6,11,10,5
Lactuca serriola,Lactuca serriola,8,7,11,10,4
Leucanthemum vulgare,Leucanthemum vulgare,8,6,11,10,5
Matricaria discoidea,Matricaria discoidea,7,5,12,11,7
Pilosella aurantiaca,Pilosella aurantiaca,7,5,11,10,6
Rudbeckia hirta,Rudbeckia hirta,NA,7,10,9,3
Senecio viscosus,Senecio viscosus,9,7,12,11,5
Senecio vulgaris,Senecio vulgaris,8,5,12,11,7
Sonchus arvensis,Sonchus arvensis,8,7,11,10,4
Sonchus asper,Sonchus asper,8,7,11,10,4
Sonchus oleraceus,Sonchus oleraceus,NA,NA,NA,#VALUE!,#VALUE!
Tanacetum vulgare,Tanacetum vulgare,8,7,11,10,4
Taraxacum erythrospermum,Taraxacum erythrospermum,NA,NA,NA,#VALUE!,#VALUE!
Taraxacum officinale,Taraxacum officinale,7,3,12,11,9
Tragopogon dubius,Tragopogon dubius,6,5,11,10,6
Tragopogon pratensis,Tragopogon pratensis,6,5,11,10,6
Tripleurospermum inodorum,Tripleurospermum inodorum,8,5,12,11,7
Impatiens glandulifera,Impatiens glandulifera,9,7,11,10,4
Berberis vulgaris,Berberis vulgaris,6,6,7,6,1
Borago officinalis,Borago officinalis,NA,NA,NA,#VALUE!,#VALUE!
Cynoglossum officinale,Cynoglossum officinale,6,5,10,9,5
Echium vulgare,Echium vulgare,7,6,11,10,5
Lappula squarrosa,Lappula squarrosa,6,6,11,10,5
Myosotis arvensis,Myosotis arvensis,NA,NA,NA,#VALUE!,#VALUE!
Myosotis laxa,Myosotis laxa,NA,NA,NA,#VALUE!,#VALUE!
Myosotis stricta,Myosotis stricta,NA,NA,NA,#VALUE!,#VALUE!
Symphytum officinale,Symphytum officinale,7,6,9,8,3
Alliaria petiolata,Alliaria petiolata,6,5,10,9,5
Alyssum alyssoides,Alyssum alyssoides,NA,6,9,8,3
Alyssum desertorum,Alyssum desertorum,5,4,7,6,3
Alyssum turkestanicum,Alyssum turkestanicum,5,4,7,6,3
Armoracia rusticana,Armoracia rusticana,6,5,7,6,2
Brassica juncea,Brassica juncea,NA,NA,NA,#VALUE!,#VALUE!
Brassica napus,Brassica napus,NA,NA,NA,#VALUE!,#VALUE!
Camelina microcarpa,Camelina microcarpa,NA,6,8,7,2
Capsella bursa-pastoris,Capsella bursa-pastoris,5,4,10,9,6
Descurainia sophia,Descurainia sophia,5,5,9,8,4
Diplotaxis muralis,Diplotaxis muralis,NA,6,9,8,3
Erucastrum gallicum,Erucastrum gallicum,8,5,12,11,7
Hesperis matronalis,Hesperis matronalis,6,5,10,9,5
Sisymbrium altissimum,Sisymbrium altissimum,NA,6,9,8,3
Sisymbrium loeselii,Sisymbrium loeselii,7,5,11,10,6
Thlaspi arvense,Thlaspi arvense,5,4,10,9,6
Campanula glomerata,Campanula glomerata,7,6,10,9,4
Campanula rapunculoides,Campanula rapunculoides,8,6,11,10,5
Humulus lupulus,Humulus lupulus,9,6,11,10,5
Knautia arvensis,Knautia arvensis,7,6,12,11,6
Lonicera tatarica,Lonicera tatarica,6,4,8,7,4
Arenaria serpyllifolia,Arenaria serpyllifolia,NA,NA,NA,#VALUE!,#VALUE!
Cerastium fontanum,Cerastium fontanum,NA,NA,NA,#VALUE!,#VALUE!
Dianthus armeria,Dianthus armeria,NA,NA,NA,#VALUE!,#VALUE!
Dianthus barbatus,Dianthus barbatus,NA,NA,NA,#VALUE!,#VALUE!
Gypsophila elegans,Gypsophila elegans,NA,NA,NA,#VALUE!,#VALUE!
Gypsophila paniculata,Gypsophila paniculata,7,6,10,9,4
Saponaria officinalis,Saponaria officinalis,7,6,9,8,3
Silene chalcedonica,Silene chalcedonica,7,6,10,9,4
Silene latifolia,Silene latifolia,7,5,11,10,6
Silene noctiflora,Silene noctiflora,NA,7,10,9,3
Silene vulgaris,Silene vulgaris,7,6,9,8,3
Stellaria media,Stellaria media,7,4,11,10,7
Convolvulus arvensis,Convolvulus arvensis,8,5,11,10,6
Sedum acre,Sedum acre,7,6,8,7,2
Elaeagnus angustifolia,Elaeagnus angustifolia,6,6,7,6,1
Hippophae rhamnoides,Hippophae rhamnoides,5,5,7,6,2
Astragalus cicer,Astragalus cicer,7,6,11,10,5
Caragana arborescens,Caragana arborescens,6,5,7,6,2
Lotus corniculatus,Lotus corniculatus,8,5,10,9,5
Medicago falcata,Medicago falcata,8,6,10,9,4
Medicago lupulina,Medicago lupulina,6,5,12,11,7
Medicago sativa,Medicago sativa,7,5,11,10,6
Melilotus officinalis,Melilotus officinalis,7,5,12,11,7
Onobrychis viciifolia,Onobrychis viciifolia,7,5,10,9,5
Securigera varia,Securigera varia,8,4,11,10,7
Trifolium aureum,Trifolium aureum,NA,NA,NA,#VALUE!,#VALUE!
Trifolium hybridum,Trifolium hybridum,7,6,11,10,5
Trifolium pratense,Trifolium pratense,8,6,11,10,5
Trifolium repens,Trifolium repens,7,5,11,10,6
Vicia cracca,Vicia cracca,7,5,12,11,7
Erodium cicutarium,Erodium cicutarium,7,4,12,11,8
Geranium pratense,Geranium pratense,7,6,9,8,3
Hypericum perforatum,Hypericum perforatum,NA,NA,NA,#VALUE!,#VALUE!
Galeopsis tetrahit,Galeopsis tetrahit,8,6,11,10,5
Glechoma hederacea,Glechoma hederacea,6,5,8,7,3
Lamium amplexicaule,Lamium amplexicaule,7,4,11,10,7
Leonurus cardiaca,Leonurus cardiaca,NA,NA,NA,#VALUE!,#VALUE!
Mentha spicata,Mentha spicata,NA,NA,NA,#VALUE!,#VALUE!
Nepeta cataria,Nepeta cataria,8,8,11,10,3
Linum usitatissimum,Linum usitatissimum,NA,NA,NA,#VALUE!,#VALUE!
Lythrum salicaria,Lythrum salicaria,8,7,11,10,4
Malva sylvestris,Malva sylvestris,NA,NA,NA,#VALUE!,#VALUE!
Syringa vulgaris,Syringa vulgaris,6,5,7,6,2
Chelidonium majus,Chelidonium majus,6,5,10,9,5
Papaver somniferum,Papaver somniferum,NA,NA,NA,#VALUE!,#VALUE!
Chaenorhinum minus,Chaenorhinum minus,NA,6,10,9,4
Linaria dalmatica,Linaria dalmatica,7,5,11,10,6
Linaria vulgaris,Linaria vulgaris,8,5,11,10,6
Plantago major,Plantago major,7,6,9,8,3
Veronica longifolia,Veronica longifolia,7,7,10,9,3
Agropyron cristatum,Agropyron cristatum,7,6,8,7,2
Agrostis stolonifera,Agrostis stolonifera,NA,6,9,8,3
Alopecurus pratensis,Alopecurus pratensis,NA,NA,NA,#VALUE!,#VALUE!
Avena fatua,Avena fatua,8,6,10,9,4
Bromus inermis,Bromus inermis,7,6,11,10,5
Bromus squarrosus,Bromus squarrosus,NA,NA,NA,#VALUE!,#VALUE!
Bromus tectorum,Bromus tectorum,6,5,9,8,4
Dactylis glomerata,Dactylis glomerata,6,6,9,8,3
Elymus repens,Elymus repens,7,6,9,8,3
Hordeum vulgare,Hordeum vulgare,NA,NA,NA,#VALUE!,#VALUE!
Phleum pratense,Phleum pratense,NA,7,8,7,1
Poa annua,Poa annua,NA,5,8,7,3
Poa compressa,Poa compressa,NA,NA,NA,#VALUE!,#VALUE!
Zizania aquatica,Zizania aquatica,NA,NA,NA,#VALUE!,#VALUE!
Fallopia convolvulus,Fallopia convolvulus,7,7,10,9,3
Persicaria maculosa,Persicaria maculosa,NA,NA,NA,#VALUE!,#VALUE!
Rheum rhabarbarum,Rheum rhabarbarum,6,6,8,7,2
Rumex acetosa,Rumex acetosa,NA,NA,NA,#VALUE!,#VALUE!
Rumex acetosella,Rumex acetosella,NA,NA,NA,#VALUE!,#VALUE!
Rumex crispus,Rumex crispus,7,6,11,10,5
Rumex pseudonatronatus,Rumex pseudonatronatus,NA,NA,NA,#VALUE!,#VALUE!
Rumex stenophyllus,Rumex stenophyllus,NA,NA,NA,#VALUE!,#VALUE!
Portulaca oleracea,Portulaca oleracea,8,7,10,9,3
Potamogeton crispus,Potamogeton crispus,NA,NA,NA,#VALUE!,#VALUE!
Clematis tangutica,Clematis tangutica,7,6,11,10,5
Ranunculus acris,Ranunculus acris,8,5,11,10,6
Ranunculus repens,Ranunculus repens,NA,NA,NA,#VALUE!,#VALUE!
Potentilla recta,Potentilla recta,NA,NA,NA,#VALUE!,#VALUE!
Sorbaria sorbifolia,Sorbaria sorbifolia,7,6,9,8,3
Sorbus aucuparia,Sorbus aucuparia,6,5,9,8,4
Galium aparine,Galium aparine,NA,6,10,9,4
Salix pentandra,Salix pentandra,NA,NA,NA,#VALUE!,#VALUE!
Verbascum thapsus,Verbascum thapsus,7,6,11,10,5
Hyoscyamus niger,Hyoscyamus niger,6,5,11,10,6
Solanum dulcamara,Solanum dulcamara,7,6,10,9,4
Viola tricolor,Viola tricolor,NA,NA,NA,#VALUE!,#VALUE!
Bassia scoparia,Bassia scoparia,8,7,11,10,4
Blitum capitatum,Blitum capitatum,7,6,10,9,4
Blitum nuttallianum,Blitum nuttallianum,6,6,11,10,5
Blitum virgatum,Blitum virgatum,7,5,10,9,5
Oxybasis glauca,Oxybasis glauca,NA,NA,NA,#VALUE!,#VALUE!
Campylium chrysophyllum,Campylium chrysophyllum,NA,NA,NA,#VALUE!,#VALUE!
Drepanocladus aduncus,Drepanocladus aduncus,NA,NA,NA,#VALUE!,#VALUE!
Drepanocladus turgescens,Drepanocladus turgescens,NA,NA,NA,#VALUE!,#VALUE!
Palustriella falcata,Palustriella falcata,NA,NA,NA,#VALUE!,#VALUE!
Rhus aromatica,Rhus aromatica,5,5,6,5,1
Toxicodendron rydbergii,Toxicodendron rydbergii,6,6,7,6,1
Barbilophozia hatcheri,Barbilophozia hatcheri,NA,NA,NA,#VALUE!,#VALUE!
Lomatium multifidum,Lomatium multifidum,6,4,8,7,4
Zizia aurea,Zizia aurea,NA,NA,NA,#VALUE!,#VALUE!
Apocynum floribundum,Apocynum floribundum,NA,NA,NA,#VALUE!,#VALUE!
Lemna minor,Lemna minor,NA,6,9,8,3
Convallaria majalis,Convallaria majalis,NA,NA,NA,#VALUE!,#VALUE!
Scilla siberica,Scilla siberica,5,4,7,6,3
Centaurea australis,Centaurea australis,NA,NA,NA,#VALUE!,#VALUE!
Centaurea stoebe,Centaurea stoebe,7,6,11,10,5
Echinacea angustifolia,Echinacea angustifolia,NA,NA,NA,#VALUE!,#VALUE!
Echinops sphaerocephalus,Echinops sphaerocephalus,NA,NA,NA,#VALUE!,#VALUE!
Euthamia lanceolata,Euthamia lanceolata,NA,NA,NA,#VALUE!,#VALUE!
Gaillardia pulchella,Gaillardia pulchella,NA,NA,NA,#VALUE!,#VALUE!
Helianthus giganteus,Helianthus giganteus,NA,NA,NA,#VALUE!,#VALUE!
Hieracium scouleri,Hieracium scouleri,NA,NA,NA,#VALUE!,#VALUE!
Lactuca pulchella,Lactuca pulchella,7,6,10,9,4
Nabalus sagittatus,Nabalus sagittatus,NA,6,9,8,3
Packera subnuda,Packera subnuda,NA,6,10,9,4
Pilosella caespitosa,Pilosella caespitosa,NA,NA,NA,#VALUE!,#VALUE!
Pseudognaphalium thermale,Pseudognaphalium thermale,NA,NA,NA,#VALUE!,#VALUE!
Solidago canadensis,Solidago canadensis,NA,8,10,9,2
Solidago glutinosa,Solidago glutinosa,NA,NA,NA,#VALUE!,#VALUE!
Solidago spathulata,Solidago spathulata,8,7,10,9,3
Symphyotrichum bracteolatum,Symphyotrichum bracteolatum,NA,NA,NA,#VALUE!,#VALUE!
Wyethia sagittata,Wyethia sagittata,6,5,8,7,3
Aulacomnium palustre,Aulacomnium palustre,NA,NA,NA,#VALUE!,#VALUE!
Plagiopus oederianus,Plagiopus oederianus,NA,NA,NA,#VALUE!,#VALUE!
Alnus alnobetula,Alnus alnobetula,5,5,7,6,2
Hackelia micrantha,Hackelia micrantha,7,5,9,8,4
Oreocarya glomerata,Oreocarya glomerata,5,5,9,8,4
Brachythecium cirrosum,Brachythecium cirrosum,NA,NA,NA,#VALUE!,#VALUE!
Eurhynchiastrum pulchellum,Eurhynchiastrum pulchellum,NA,NA,NA,#VALUE!,#VALUE!
Homalothecium nevadense,Homalothecium nevadense,NA,NA,NA,#VALUE!,#VALUE!
Boechera consanguinea,Boechera consanguinea,NA,NA,NA,#VALUE!,#VALUE!
Boechera divaricarpa,Boechera divaricarpa,NA,NA,NA,#VALUE!,#VALUE!
Boechera holboellii,Boechera holboellii,NA,NA,NA,#VALUE!,#VALUE!
Boechera microphylla,Boechera microphylla,NA,NA,NA,#VALUE!,#VALUE!
Draba paysonii,Draba paysonii,NA,NA,NA,#VALUE!,#VALUE!
Mutarda arvensis,Mutarda arvensis,6,5,11,10,6
Rorippa hispida,Rorippa hispida,NA,NA,NA,#VALUE!,#VALUE!
Rorippa islandica,Rorippa islandica,NA,NA,NA,#VALUE!,#VALUE!
Smelowskia americana,Smelowskia americana,6,5,9,8,4
Bryum argenteum,Bryum argenteum,NA,NA,NA,#VALUE!,#VALUE!
Bryum lanatum,Bryum lanatum,NA,NA,NA,#VALUE!,#VALUE!
Ptychostomum pallescens,Ptychostomum pallescens,NA,NA,NA,#VALUE!,#VALUE!
Roellobryon roellii,Roellobryon roellii,NA,NA,NA,#VALUE!,#VALUE!
Escobaria vivipara,Escobaria vivipara,6,5,8,7,3
Pelecyphora vivipara,Pelecyphora vivipara,6,5,8,7,3
Campanula alaskana,Campanula alaskana,7,6,11,10,5
Dipsacus fullonum,Dipsacus fullonum,NA,NA,NA,#VALUE!,#VALUE!
Lonicera caerulea,Lonicera caerulea,NA,NA,NA,#VALUE!,#VALUE!
Lonicera xylosteum,Lonicera xylosteum,NA,NA,NA,#VALUE!,#VALUE!
Valeriana officinalis,Valeriana officinalis,NA,NA,NA,#VALUE!,#VALUE!
Atocion armeria,Atocion armeria,NA,NA,NA,#VALUE!,#VALUE!
Cerastium elongatum,Cerastium elongatum,NA,NA,NA,#VALUE!,#VALUE!
Cherleria obtusiloba,Cherleria obtusiloba,NA,NA,NA,#VALUE!,#VALUE!
Sabulina nuttallii,Sabulina nuttallii,NA,NA,NA,#VALUE!,#VALUE!
Sabulina rubella,Sabulina rubella,NA,NA,NA,#VALUE!,#VALUE!
Sagina procumbens,Sagina procumbens,NA,NA,NA,#VALUE!,#VALUE!
Silene csereii,Silene csereii,7,6,11,10,5
Catoscopium nigritum,Catoscopium nigritum,NA,NA,NA,#VALUE!,#VALUE!
Cleomella serrulata,Cleomella serrulata,7,6,10,9,4
Phedimus aizoon,Phedimus aizoon,NA,NA,NA,#VALUE!,#VALUE!
Rhodiola rosea,Rhodiola rosea,NA,NA,NA,#VALUE!,#VALUE!
Carex atratiformis,Carex atratiformis,NA,NA,NA,#VALUE!,#VALUE!
Carex multicostata,Carex multicostata,NA,NA,NA,#VALUE!,#VALUE!
Dicranum fuscescens,Dicranum fuscescens,NA,NA,NA,#VALUE!,#VALUE!
Dicranum scoparium,Dicranum scoparium,NA,NA,NA,#VALUE!,#VALUE!
Distichium capillaceum,Distichium capillaceum,NA,NA,NA,#VALUE!,#VALUE!
Ceratodon purpureus,Ceratodon purpureus,NA,NA,NA,#VALUE!,#VALUE!
Encalypta affinis,Encalypta affinis,NA,NA,NA,#VALUE!,#VALUE!
Encalypta rhaptocarpa,Encalypta rhaptocarpa,NA,NA,NA,#VALUE!,#VALUE!
Equisetum praealtum,Equisetum praealtum,NA,NA,NA,#VALUE!,#VALUE!
Equisetum x trachyodon,Equisetum x trachyodon,NA,NA,NA,#VALUE!,#VALUE!
Rhododendron menziesii,Rhododendron menziesii,6,6,9,8,3
Vaccinium cespitosum,Vaccinium cespitosum,6,6,7,6,1
Euphorbia virgata,Euphorbia virgata,6,5,10,9,5
Astragalus aboriginum,Astragalus aboriginum,NA,NA,NA,#VALUE!,#VALUE!
Astragalus laxmannii robustior,Astragalus laxmannii robustior,7,5,10,9,5
Astragalus multiflorus,Astragalus multiflorus,6,5,8,7,3
Caragana pygmaea,Caragana pygmaea,6,5,7,6,2
Hedysarum americanum,Hedysarum americanum,NA,NA,NA,#VALUE!,#VALUE!
Medicago x varia,Medicago x varia,7,6,11,10,5
Melilotus albus,Melilotus albus,7,6,12,11,6
Fissidens grandifrons,Fissidens grandifrons,NA,NA,NA,#VALUE!,#VALUE!
Flexitrichum flexicaule,Flexitrichum flexicaule,NA,NA,NA,#VALUE!,#VALUE!
Funaria hygrometrica,Funaria hygrometrica,NA,NA,NA,#VALUE!,#VALUE!
Gentianopsis virgata,Gentianopsis virgata,8,7,10,9,3
Ribes rubrum,Ribes rubrum,NA,5,7,6,2
Ribes uva-crispa,Ribes uva-crispa,NA,NA,NA,#VALUE!,#VALUE!
Hedwigia ciliata,Hedwigia ciliata,NA,NA,NA,#VALUE!,#VALUE!
Pseudopediastrum boryanum,Pseudopediastrum boryanum,NA,NA,NA,#VALUE!,#VALUE!
Nemophila maculata,Nemophila maculata,NA,NA,NA,#VALUE!,#VALUE!
Hylocomiadelphus triquetrus,Hylocomiadelphus triquetrus,NA,NA,NA,#VALUE!,#VALUE!
Hylocomium splendens,Hylocomium splendens,NA,NA,NA,#VALUE!,#VALUE!
Pleurozium schreberi,Pleurozium schreberi,NA,NA,NA,#VALUE!,#VALUE!
Hymenoloma crispulum,Hymenoloma crispulum,NA,NA,NA,#VALUE!,#VALUE!
Iris sanguinea,Iris sanguinea,NA,NA,NA,#VALUE!,#VALUE!
Luzula campestris,Luzula campestris,NA,NA,NA,#VALUE!,#VALUE!
Jungermannia eucordifolia,Jungermannia eucordifolia,NA,NA,NA,#VALUE!,#VALUE!
Galeopsis bifida,Galeopsis bifida,7,7,11,10,4
Lavandula angustifolia,Lavandula angustifolia,NA,NA,NA,#VALUE!,#VALUE!
Mentha canadensis,Mentha canadensis,7,6,10,9,4
Physostegia virginiana,Physostegia virginiana,NA,NA,NA,#VALUE!,#VALUE!
Stachys palustris,Stachys palustris,NA,7,9,8,2
Utricularia macrorhiza,Utricularia macrorhiza,7,6,9,8,3
Campylopus introflexus,Campylopus introflexus,NA,NA,NA,#VALUE!,#VALUE!
Linum compactum,Linum compactum,7,5,10,9,5
Linum grandiflorum,Linum grandiflorum,NA,NA,NA,#VALUE!,#VALUE!
Linum perenne,Linum perenne,NA,6,9,8,3
Linum pratense,Linum pratense,NA,NA,NA,#VALUE!,#VALUE!
Lycopodium clavatum,Lycopodium clavatum,NA,NA,NA,#VALUE!,#VALUE!
Spinulum annotinum,Spinulum annotinum,NA,NA,NA,#VALUE!,#VALUE!
Alcea rosea,Alcea rosea,NA,NA,NA,#VALUE!,#VALUE!
Malva moschata,Malva moschata,NA,NA,NA,#VALUE!,#VALUE!
Malva thuringiaca,Malva thuringiaca,NA,NA,NA,#VALUE!,#VALUE!
Marchantia polymorpha,Marchantia polymorpha,NA,NA,NA,#VALUE!,#VALUE!
Marchantia quadrata,Marchantia quadrata,NA,NA,NA,#VALUE!,#VALUE!
Meesia uliginosa,Meesia uliginosa,NA,NA,NA,#VALUE!,#VALUE!
Anticlea elegans,Anticlea elegans,7,6,9,8,3
Anticlea occidentalis,Anticlea occidentalis,7,6,9,8,3
Toxicoscordion venenosum,Toxicoscordion venenosum,6,5,8,7,3
Pohlia nutans,Pohlia nutans,NA,NA,NA,#VALUE!,#VALUE!
Neckera oligocarpa,Neckera oligocarpa,NA,NA,NA,#VALUE!,#VALUE!
Neckera pennata,Neckera pennata,NA,NA,NA,#VALUE!,#VALUE!
Syringa josikaea,Syringa josikaea,NA,NA,NA,#VALUE!,#VALUE!
Chamaenerion angustifolium,Chamaenerion angustifolium,8,6,10,9,4
Chamaenerion latifolium,Chamaenerion latifolium,7,5,10,9,5
Oenothera cespitosa,Oenothera cespitosa,6,5,8,7,3
Botrypus virginianus,Botrypus virginianus,NA,NA,NA,#VALUE!,#VALUE!
Dactylorhiza viridis,Dactylorhiza viridis,6,6,8,7,2
Platanthera hyperborea,Platanthera hyperborea,NA,NA,NA,#VALUE!,#VALUE!
Platanthera unalascensis,Platanthera unalascensis,7,6,9,8,3
Aphyllon fasciculatum,Aphyllon fasciculatum,6,6,8,7,2
Aphyllon franciscanum,Aphyllon franciscanum,NA,NA,NA,#VALUE!,#VALUE!
Aphyllon uniflorum,Aphyllon uniflorum,NA,NA,NA,#VALUE!,#VALUE!
Castilleja rhexifolia,Castilleja rhexifolia,7,6,10,9,4
Rhinanthus groenlandicus,Rhinanthus groenlandicus,7,6,10,9,4
Lewinskya elegans,Lewinskya elegans,NA,NA,NA,#VALUE!,#VALUE!
Nyholmiella obtusifolia,Nyholmiella obtusifolia,NA,NA,NA,#VALUE!,#VALUE!
Orthotrichum anomalum,Orthotrichum anomalum,NA,NA,NA,#VALUE!,#VALUE!
Orthotrichum pellucidum,Orthotrichum pellucidum,NA,NA,NA,#VALUE!,#VALUE!
Papaver alpinum,Papaver alpinum,NA,NA,NA,#VALUE!,#VALUE!
Erythranthe floribunda,Erythranthe floribunda,NA,NA,NA,#VALUE!,#VALUE!
Erythranthe guttata,Erythranthe guttata,NA,NA,NA,#VALUE!,#VALUE!
Erythranthe lewisii,Erythranthe lewisii,8,6,10,9,4
Abies lasiocarpa,Abies lasiocarpa,NA,NA,NA,#VALUE!,#VALUE!
Larix sibirica,Larix sibirica,NA,NA,NA,#VALUE!,#VALUE!
Picea abies,Picea abies,NA,NA,NA,#VALUE!,#VALUE!
Picea pungens,Picea pungens,NA,NA,NA,#VALUE!,#VALUE!
Cymbalaria muralis,Cymbalaria muralis,NA,NA,NA,#VALUE!,#VALUE!
Digitalis purpurea,Digitalis purpurea,NA,NA,NA,#VALUE!,#VALUE!
Penstemon lyalli,Penstemon lyalli,7,6,10,9,4
Penstemon strictus,Penstemon strictus,NA,NA,NA,#VALUE!,#VALUE!
Plantago media,Plantago media,6,5,10,9,5
Plantago patagonica,Plantago patagonica,6,6,9,8,3
Veronica wyomingensis,Veronica wyomingensis,5,4,8,7,4
Achnatherum calamagrostis,Achnatherum calamagrostis,NA,NA,NA,#VALUE!,#VALUE!
Anthoxanthum nitens,Anthoxanthum nitens,NA,NA,NA,#VALUE!,#VALUE!
Bouteloua hirsuta,Bouteloua hirsuta,NA,NA,NA,#VALUE!,#VALUE!
Calamagrostis inexpansa,Calamagrostis inexpansa,NA,NA,NA,#VALUE!,#VALUE!
Elymus canadensis,Elymus canadensis,7,7,11,10,4
Elymus caninus,Elymus caninus,NA,NA,NA,#VALUE!,#VALUE!
Elymus smithii,Elymus smithii,NA,NA,NA,#VALUE!,#VALUE!
Eriocoma lemmonii,Eriocoma lemmonii,NA,NA,NA,#VALUE!,#VALUE!
Eriocoma nelsonii,Eriocoma nelsonii,NA,NA,NA,#VALUE!,#VALUE!
Eriocoma richardsonii,Eriocoma richardsonii,7,6,8,7,2
Helictochloa hookeri,Helictochloa hookeri,NA,NA,NA,#VALUE!,#VALUE!
Koeleria pyramidata,Koeleria pyramidata,NA,NA,NA,#VALUE!,#VALUE!
Phleum alpinum,Phleum alpinum,NA,NA,NA,#VALUE!,#VALUE!
Sporobolus hookerianus,Sporobolus hookerianus,NA,NA,NA,#VALUE!,#VALUE!
Sporobolus rigidus,Sporobolus rigidus,8,7,9,8,2
Thinopyrum intermedium,Thinopyrum intermedium,NA,NA,NA,#VALUE!,#VALUE!
Zea mays,Zea mays,NA,NA,NA,#VALUE!,#VALUE!
Phlox gracilis,Phlox gracilis,NA,4,7,6,3
Bistorta bistortoides,Bistorta bistortoides,NA,7,10,9,3
Rumex salicifolius,Rumex salicifolius,NA,NA,NA,#VALUE!,#VALUE!
Polytrichum juniperinum,Polytrichum juniperinum,NA,NA,NA,#VALUE!,#VALUE!
Polytrichum piliferum,Polytrichum piliferum,NA,NA,NA,#VALUE!,#VALUE!
Hymenostylium recurvirostrum,Hymenostylium recurvirostrum,NA,NA,NA,#VALUE!,#VALUE!
Pterygoneurum ovatum,Pterygoneurum ovatum,NA,NA,NA,#VALUE!,#VALUE!
Syntrichia laevipila,Syntrichia laevipila,NA,NA,NA,#VALUE!,#VALUE!
Syntrichia ruralis,Syntrichia ruralis,NA,NA,NA,#VALUE!,#VALUE!
Tortella fragilis,Tortella fragilis,NA,NA,NA,#VALUE!,#VALUE!
Tortella tortuosa,Tortella tortuosa,NA,NA,NA,#VALUE!,#VALUE!
Tortula mucronifolia,Tortula mucronifolia,NA,NA,NA,#VALUE!,#VALUE!
Prasiola stipitata,Prasiola stipitata,NA,NA,NA,#VALUE!,#VALUE!
Primula conjugens,Primula conjugens,5,4,8,7,4
Primula pauciflora,Primula pauciflora,6,5,9,8,4
Pellaea atropurpurea,Pellaea atropurpurea,NA,NA,NA,#VALUE!,#VALUE!
Ptilium crista-castrensis,Ptilium crista-castrensis,NA,NA,NA,#VALUE!,#VALUE!
Pylaisia polyantha,Pylaisia polyantha,NA,NA,NA,#VALUE!,#VALUE!
Roaldia revoluta,Roaldia revoluta,NA,NA,NA,#VALUE!,#VALUE!
Aconitum napellus,Aconitum napellus,NA,NA,NA,#VALUE!,#VALUE!
Anemonastrum canadense,Anemonastrum canadense,7,5,10,9,5
Anemone blanda,Anemone blanda,NA,NA,NA,#VALUE!,#VALUE!
Anemone sylvestris,Anemone sylvestris,NA,NA,NA,#VALUE!,#VALUE!
Ceratocephala orthoceras,Ceratocephala orthoceras,NA,NA,NA,#VALUE!,#VALUE!
Clematis alpina,Clematis alpina,NA,NA,NA,#VALUE!,#VALUE!
Delphinium ajacis,Delphinium ajacis,NA,NA,NA,#VALUE!,#VALUE!
Delphinium cultorum,Delphinium cultorum,8,7,10,9,3
Halerpestes cymbalaria,Halerpestes cymbalaria,5,5,11,10,6
Pulsatilla nuttalliana,Pulsatilla nuttalliana,7,3,12,11,9
Pulsatilla occidentalis,Pulsatilla occidentalis,6,5,8,7,3
Pulsatilla patens,Pulsatilla patens,NA,NA,NA,#VALUE!,#VALUE!
Ranunculus arcticus,Ranunculus arcticus,NA,NA,NA,#VALUE!,#VALUE!
Ranunculus circinatus,Ranunculus circinatus,NA,NA,NA,#VALUE!,#VALUE!
Ranunculus longirostris,Ranunculus longirostris,NA,NA,NA,#VALUE!,#VALUE!
Ranunculus trichophyllus,Ranunculus trichophyllus,NA,6,9,8,3
Oncophorus virens,Oncophorus virens,NA,NA,NA,#VALUE!,#VALUE!
Rhamnus cathartica,Rhamnus cathartica,6,6,7,6,1
Rhytidium rugosum,Rhytidium rugosum,NA,NA,NA,#VALUE!,#VALUE!
Riccia cavernosa,Riccia cavernosa,NA,NA,NA,#VALUE!,#VALUE!
Argentina anserina,Argentina anserina,6,5,10,9,5
Comarum palustre,Comarum palustre,7,6,9,8,3
Cotoneaster acutifolius,Cotoneaster acutifolius,6,5,8,7,3
Cotoneaster lucidus,Cotoneaster lucidus,6,5,8,7,3
Dryas octopetala,Dryas octopetala,NA,NA,NA,#VALUE!,#VALUE!
Drymocallis glandulosa,Drymocallis glandulosa,NA,NA,NA,#VALUE!,#VALUE!
Drymocallis pseudorupestris,Drymocallis pseudorupestris,7,5,8,7,3
Potentilla glaucophylla,Potentilla glaucophylla,7,5,10,9,5
Potentilla hudsonii,Potentilla hudsonii,NA,NA,NA,#VALUE!,#VALUE!
Prunus padus,Prunus padus,5,5,7,6,2
Prunus tomentosa,Prunus tomentosa,5,4,6,5,2
Rubus nutkanus,Rubus nutkanus,NA,NA,NA,#VALUE!,#VALUE!
Spiraea lucida,Spiraea lucida,7,6,10,9,4
Populus hastata,Populus hastata,NA,NA,NA,#VALUE!,#VALUE!
Salix eriocephala,Salix eriocephala,NA,NA,NA,#VALUE!,#VALUE!
Salix lucida,Salix lucida,NA,NA,NA,#VALUE!,#VALUE!
Salix lutea,Salix lutea,NA,NA,NA,#VALUE!,#VALUE!
Hemieva ranunculifolia,Hemieva ranunculifolia,NA,NA,NA,#VALUE!,#VALUE!
Micranthes mertensiana,Micranthes mertensiana,NA,NA,NA,#VALUE!,#VALUE!
Ozomelis trifida,Ozomelis trifida,NA,NA,NA,#VALUE!,#VALUE!
Pectiantia pentandra,Pectiantia pentandra,NA,6,8,7,2
Tetradesmus dimorphus,Tetradesmus dimorphus,NA,NA,NA,#VALUE!,#VALUE!
Scorpidium scorpioides,Scorpidium scorpioides,NA,NA,NA,#VALUE!,#VALUE!
Scouleria aquatica,Scouleria aquatica,NA,NA,NA,#VALUE!,#VALUE!
Sphagnum warnstorfii,Sphagnum warnstorfii,NA,NA,NA,#VALUE!,#VALUE!
Thesium ramosum,Thesium ramosum,NA,NA,NA,#VALUE!,#VALUE!
Abietinella abietina,Abietinella abietina,NA,NA,NA,#VALUE!,#VALUE!
Thuidium recognitum,Thuidium recognitum,NA,NA,NA,#VALUE!,#VALUE!
Trebouxia jamesii,Trebouxia jamesii,NA,NA,NA,#VALUE!,#VALUE!
Typha angustifolia,Typha angustifolia,NA,NA,NA,#VALUE!,#VALUE!
Urtica gracilis,Urtica gracilis,7,6,9,8,3
Sambucus canadensis,Sambucus canadensis,NA,NA,NA,#VALUE!,#VALUE!
Viburnum lantana,Viburnum lantana,NA,NA,NA,#VALUE!,#VALUE!
Viburnum trilobum,Viburnum trilobum,NA,NA,NA,#VALUE!,#VALUE!
Viola minuscula,Viola minuscula,NA,NA,NA,#VALUE!,#VALUE!
Viola rugulosa,Viola rugulosa,NA,5,9,8,4
Physematium oreganum,Physematium oreganum,NA,NA,NA,#VALUE!,#VALUE!
Physematium scopulinum,Physematium scopulinum,NA,NA,NA,#VALUE!,#VALUE!
Alisma gramineum,Alisma gramineum,NA,NA,NA,#VALUE!,#VALUE!
Alisma triviale,Alisma triviale,NA,7,9,8,2
Sagittaria cuneata,Sagittaria cuneata,8,7,10,9,3
Allium cernuum,Allium cernuum,8,6,10,9,4
Allium geyeri,Allium geyeri,NA,5,8,7,3
Allium schoenoprasum,Allium schoenoprasum,7,5,11,10,6
Allium textile,Allium textile,6,5,8,7,3
Rhus trilobata,Rhus trilobata,NA,5,6,5,1
Angelica arguta,Angelica arguta,7,7,9,8,2
Angelica dawsonii,Angelica dawsonii,6,5,10,9,5
Bupleurum americanum,Bupleurum americanum,NA,6,8,7,2
Cicuta maculata,Cicuta maculata,7,6,9,8,3
Cicuta virosa,Cicuta virosa,NA,NA,NA,#VALUE!,#VALUE!
Heracleum maximum,Heracleum maximum,7,6,9,8,3
Lomatium cous,Lomatium cous,NA,5,7,6,2
Lomatium dissectum,Lomatium dissectum,NA,NA,NA,#VALUE!,#VALUE!
Lomatium macrocarpum,Lomatium macrocarpum,5,4,7,6,3
Lomatium sandbergii,Lomatium sandbergii,NA,NA,NA,#VALUE!,#VALUE!
Lomatium triternatum,Lomatium triternatum,5,5,9,8,4
Musineon divaricatum,Musineon divaricatum,4,4,8,7,4
Osmorhiza berteroi,Osmorhiza berteroi,NA,NA,NA,#VALUE!,#VALUE!
Osmorhiza occidentalis,Osmorhiza occidentalis,NA,NA,NA,#VALUE!,#VALUE!
Osmorhiza purpurea,Osmorhiza purpurea,NA,NA,NA,#VALUE!,#VALUE!
Perideridia gairdneri,Perideridia gairdneri,NA,NA,NA,#VALUE!,#VALUE!
Sanicula marilandica,Sanicula marilandica,7,6,9,8,3
Sium suave,Sium suave,7,6,10,9,4
Zizia aptera,Zizia aptera,6,5,8,7,3
Apocynum androsaemifolium,Apocynum androsaemifolium,7,5,10,9,5
Apocynum cannabinum,Apocynum cannabinum,7,6,9,8,3
Asclepias speciosa,Asclepias speciosa,7,6,8,7,2
Asclepias viridiflora,Asclepias viridiflora,7,6,8,7,2
Lemna trisulca,Lemna trisulca,NA,6,9,8,3
Lemna turionifera,Lemna turionifera,NA,NA,NA,#VALUE!,#VALUE!
Camassia quamash,Camassia quamash,6,6,7,6,1
Maianthemum racemosum,Maianthemum racemosum,6,5,8,7,3
Maianthemum stellatum,Maianthemum stellatum,6,5,8,7,3
Yucca glauca,Yucca glauca,7,6,8,7,2
Achillea alpina,Achillea alpina,8,6,11,10,5
Achillea millefolium,Achillea millefolium,7,4,11,10,7
Agoseris aurantiaca,Agoseris aurantiaca,7,6,10,9,4
Agoseris glauca,Agoseris glauca,7,6,10,9,4
Anaphalis margaritacea,Anaphalis margaritacea,8,6,10,9,4
Antennaria anaphaloides,Antennaria anaphaloides,6,6,9,8,3
Antennaria howellii,Antennaria howellii,NA,NA,NA,#VALUE!,#VALUE!
Antennaria neglecta,Antennaria neglecta,NA,NA,NA,#VALUE!,#VALUE!
Antennaria parvifolia,Antennaria parvifolia,6,5,8,7,3
Antennaria pulcherrima,Antennaria pulcherrima,NA,NA,NA,#VALUE!,#VALUE!
Antennaria racemosa,Antennaria racemosa,7,5,9,8,4
Antennaria rosea,Antennaria rosea,7,5,11,10,6
Antennaria umbrinella,Antennaria umbrinella,NA,NA,NA,#VALUE!,#VALUE!
Arnica angustifolia,Arnica angustifolia,7,5,9,8,4
Arnica chamissonis,Arnica chamissonis,NA,NA,NA,#VALUE!,#VALUE!
Arnica cordifolia,Arnica cordifolia,7,3,11,10,8
Arnica fulgens,Arnica fulgens,NA,6,9,8,3
Arnica gracilis,Arnica gracilis,NA,NA,NA,#VALUE!,#VALUE!
Arnica lanceolata,Arnica lanceolata,NA,NA,NA,#VALUE!,#VALUE!
Arnica latifolia,Arnica latifolia,7,6,11,10,5
Arnica parryi,Arnica parryi,NA,5,10,9,5
Arnica rydbergii,Arnica rydbergii,NA,NA,NA,#VALUE!,#VALUE!
Arnica sororia,Arnica sororia,NA,NA,NA,#VALUE!,#VALUE!
Artemisia biennis,Artemisia biennis,9,7,10,9,3
Artemisia campestris,Artemisia campestris,8,7,11,10,4
Artemisia cana,Artemisia cana,9,6,11,10,5
Artemisia dracunculus,Artemisia dracunculus,7,7,11,10,4
Artemisia frigida,Artemisia frigida,8,8,10,9,2
Artemisia ludoviciana,Artemisia ludoviciana,8,7,10,9,3
Artemisia longifolia,Artemisia longifolia,7,7,10,9,3
Artemisia michauxiana,Artemisia michauxiana,7,7,9,8,2
Artemisia tridentata,Artemisia tridentata,NA,7,11,10,4
Askellia elegans,Askellia elegans,NA,NA,NA,#VALUE!,#VALUE!
Aster alpinus,Aster alpinus,NA,NA,NA,#VALUE!,#VALUE!
Bidens cernua,Bidens cernua,8,7,11,10,4
Brickellia grandiflora,Brickellia grandiflora,NA,NA,NA,#VALUE!,#VALUE!
Canadanthus modestus,Canadanthus modestus,8,7,10,9,3
Cirsium drummondii,Cirsium drummondii,7,6,9,8,3
Cirsium flodmanii,Cirsium flodmanii,8,6,11,10,5
Cirsium hookerianum,Cirsium hookerianum,8,6,10,9,4
Cirsium scariosum,Cirsium scariosum,NA,6,10,9,4
Cirsium undulatum,Cirsium undulatum,7,6,10,9,4
Crepis intermedia,Crepis intermedia,NA,NA,NA,#VALUE!,#VALUE!
Crepis occidentalis,Crepis occidentalis,NA,NA,NA,#VALUE!,#VALUE!
Crepis runcinata,Crepis runcinata,NA,NA,NA,#VALUE!,#VALUE!
Ericameria nauseosa,Ericameria nauseosa,8,7,10,9,3
Erigeron acris,Erigeron acris,NA,NA,NA,#VALUE!,#VALUE!
Erigeron caespitosus,Erigeron caespitosus,7,6,10,9,4
Erigeron canadensis,Erigeron canadensis,8,7,11,10,4
Erigeron compositus,Erigeron compositus,6,5,11,10,6
Erigeron divergens,Erigeron divergens,NA,NA,NA,#VALUE!,#VALUE!
Erigeron flagellaris,Erigeron flagellaris,NA,NA,NA,#VALUE!,#VALUE!
Erigeron glabellus,Erigeron glabellus,7,6,9,8,3
Erigeron humilis,Erigeron humilis,7,6,10,9,4
Erigeron lonchophyllus,Erigeron lonchophyllus,NA,NA,NA,#VALUE!,#VALUE!
Erigeron nivalis,Erigeron nivalis,NA,NA,NA,#VALUE!,#VALUE!
Erigeron ochroleucus,Erigeron ochroleucus,NA,6,9,8,3
Erigeron peregrinus,Erigeron peregrinus,NA,NA,NA,#VALUE!,#VALUE!
Erigeron philadelphicus,Erigeron philadelphicus,7,6,10,9,4
Erigeron speciosus,Erigeron speciosus,7,6,9,8,3
Eucephalus engelmannii,Eucephalus engelmannii,NA,NA,NA,#VALUE!,#VALUE!
Eurybia conspicua,Eurybia conspicua,8,7,11,10,4
Eurybia sibirica,Eurybia sibirica,7,6,11,10,5
Euthamia graminifolia,Euthamia graminifolia,NA,NA,NA,#VALUE!,#VALUE!
Gaillardia aristata,Gaillardia aristata,7,6,11,10,5
Grindelia hirsutula,Grindelia hirsutula,NA,NA,NA,#VALUE!,#VALUE!
Grindelia squarrosa,Grindelia squarrosa,8,7,12,11,5
Gutierrezia sarothrae,Gutierrezia sarothrae,8,6,10,9,4
Helianthus annuus,Helianthus annuus,8,6,12,11,6
Helianthus nuttallii,Helianthus nuttallii,8,7,11,10,4
Helianthus pauciflorus,Helianthus pauciflorus,8,7,10,9,3
Helianthus petiolaris,Helianthus petiolaris,8,6,11,10,5
Heterotheca villosa,Heterotheca villosa,7,6,11,10,5
Hieracium albiflorum,Hieracium albiflorum,7,6,10,9,4
Hieracium umbellatum,Hieracium umbellatum,8,6,10,9,4
Hymenoxys richardsonii,Hymenoxys richardsonii,6,5,8,7,3
Iva axillaris,Iva axillaris,NA,6,9,8,3
Liatris punctata,Liatris punctata,7,7,11,10,4
Lygodesmia juncea,Lygodesmia juncea,9,6,11,10,5
Madia glomerata,Madia glomerata,NA,NA,NA,#VALUE!,#VALUE!
Microseris nutans,Microseris nutans,NA,NA,NA,#VALUE!,#VALUE!
Packera cana,Packera cana,7,5,9,8,4
Packera paupercula,Packera paupercula,7,6,11,10,5
Packera pseudaurea,Packera pseudaurea,NA,NA,NA,#VALUE!,#VALUE!
Packera streptanthifolia,Packera streptanthifolia,6,5,9,8,4
Petasites frigidus,Petasites frigidus,5,4,10,9,6
Pyrrocoma lanceolata,Pyrrocoma lanceolata,NA,NA,NA,#VALUE!,#VALUE!
Pyrrocoma uniflora,Pyrrocoma uniflora,NA,NA,NA,#VALUE!,#VALUE!
Ratibida columnifera,Ratibida columnifera,8,6,11,10,5
Senecio eremophilus,Senecio eremophilus,8,6,10,9,4
Senecio fremontii,Senecio fremontii,8,7,10,9,3
Senecio hydrophiloides,Senecio hydrophiloides,NA,NA,NA,#VALUE!,#VALUE!
Senecio integerrimus,Senecio integerrimus,6,5,8,7,3
Senecio megacephalus,Senecio megacephalus,NA,7,8,7,1
Senecio triangularis,Senecio triangularis,8,6,11,10,5
Solidago altissima,Solidago altissima,NA,NA,NA,#VALUE!,#VALUE!
Solidago gigantea,Solidago gigantea,8,7,10,9,3
Solidago missouriensis,Solidago missouriensis,8,6,10,9,4
Solidago mollis,Solidago mollis,8,8,11,10,3
Solidago multiradiata,Solidago multiradiata,7,6,10,9,4
Solidago nemoralis,Solidago nemoralis,NA,NA,NA,#VALUE!,#VALUE!
Solidago rigida,Solidago rigida,8,7,11,10,4
Symphyotrichum ciliatum,Symphyotrichum ciliatum,9,9,11,10,2
Symphyotrichum ciliolatum,Symphyotrichum ciliolatum,8,7,11,10,4
Symphyotrichum ericoides,Symphyotrichum ericoides,7,7,11,10,4
Symphyotrichum falcatum,Symphyotrichum falcatum,7,7,11,10,4
Symphyotrichum foliaceum,Symphyotrichum foliaceum,NA,6,10,9,4
Symphyotrichum laeve,Symphyotrichum laeve,8,6,11,10,5
Symphyotrichum lanceolatum,Symphyotrichum lanceolatum,8,6,11,10,5
Symphyotrichum subspicatum,Symphyotrichum subspicatum,NA,NA,NA,#VALUE!,#VALUE!
Tetraneuris acaulis,Tetraneuris acaulis,6,5,9,8,4
Tonestus lyallii,Tonestus lyallii,NA,NA,NA,#VALUE!,#VALUE!
Townsendia condensata,Townsendia condensata,NA,6,9,8,3
Townsendia hookeri,Townsendia hookeri,4,4,6,5,2
Townsendia parryi,Townsendia parryi,6,5,10,9,5
Xanthisma spinulosum,Xanthisma spinulosum,7,6,11,10,5
Xanthium strumarium,Xanthium strumarium,8,7,9,8,2
Athyrium filix-femina,Athyrium filix-femina,NA,NA,NA,#VALUE!,#VALUE!
Berberis repens,Berberis repens,6,5,9,8,4
Alnus incana,Alnus incana,4,4,5,4,1
Betula glandulosa,Betula glandulosa,7,7,8,7,1
Betula occidentalis,Betula occidentalis,5,5,7,6,2
Betula papyrifera,Betula papyrifera,5,5,6,5,1
Betula pumila,Betula pumila,5,5,6,5,1
Hackelia deflexa,Hackelia deflexa,NA,NA,NA,#VALUE!,#VALUE!
Hackelia floribunda,Hackelia floribunda,NA,6,9,8,3
Lappula occidentalis,Lappula occidentalis,NA,NA,NA,#VALUE!,#VALUE!
Lithospermum incisum,Lithospermum incisum,5,4,7,6,3
Lithospermum occidentale,Lithospermum occidentale,7,6,8,7,2
Lithospermum ruderale,Lithospermum ruderale,6,5,8,7,3
Mertensia longiflora,Mertensia longiflora,NA,6,9,8,3
Mertensia paniculata,Mertensia paniculata,6,5,11,10,6
Myosotis asiatica,Myosotis asiatica,6,5,11,10,6
Arabis nuttallii,Arabis nuttallii,NA,NA,NA,#VALUE!,#VALUE!
Arabis pycnocarpa,Arabis pycnocarpa,NA,NA,NA,#VALUE!,#VALUE!
Barbarea orthoceras,Barbarea orthoceras,NA,NA,NA,#VALUE!,#VALUE!
Boechera lyallii,Boechera lyallii,NA,NA,NA,#VALUE!,#VALUE!
Boechera retrofracta,Boechera retrofracta,5,4,8,7,4
Boechera stricta,Boechera stricta,NA,NA,NA,#VALUE!,#VALUE!
Braya humilis,Braya humilis,NA,5,9,8,4
Cardamine pensylvanica,Cardamine pensylvanica,NA,6,9,8,3
Descurainia pinnata,Descurainia pinnata,NA,NA,NA,#VALUE!,#VALUE!
Draba aurea,Draba aurea,NA,NA,NA,#VALUE!,#VALUE!
Draba cana,Draba cana,NA,NA,NA,#VALUE!,#VALUE!
Draba densifolia,Draba densifolia,NA,NA,NA,#VALUE!,#VALUE!
Draba incerta,Draba incerta,NA,NA,NA,#VALUE!,#VALUE!
Draba lonchocarpa,Draba lonchocarpa,NA,NA,NA,#VALUE!,#VALUE!
Draba nemorosa,Draba nemorosa,NA,5,9,8,4
Draba oligosperma,Draba oligosperma,5,4,8,7,4
Draba porsildii,Draba porsildii,NA,NA,NA,#VALUE!,#VALUE!
Draba praealta,Draba praealta,NA,NA,NA,#VALUE!,#VALUE!
Erysimum asperum,Erysimum asperum,NA,6,8,7,2
Erysimum cheiranthoides,Erysimum cheiranthoides,NA,6,9,8,3
Erysimum inconspicuum,Erysimum inconspicuum,NA,NA,NA,#VALUE!,#VALUE!
Lepidium densiflorum,Lepidium densiflorum,NA,6,8,7,2
Lepidium ramosissimum,Lepidium ramosissimum,NA,NA,NA,#VALUE!,#VALUE!
Physaria arctica,Physaria arctica,NA,5,9,8,4
Physaria arenosa,Physaria arenosa,5,4,8,7,4
Physaria didymocarpa,Physaria didymocarpa,6,5,8,7,3
Physaria spatulata,Physaria spatulata,NA,5,8,7,3
Rorippa palustris,Rorippa palustris,NA,6,9,8,3
Smelowskia calycina,Smelowskia calycina,NA,NA,NA,#VALUE!,#VALUE!
Turritis glabra,Turritis glabra,NA,NA,NA,#VALUE!,#VALUE!
Opuntia polyacantha,Opuntia polyacantha,6,5,9,8,4
Campanula rotundifolia,Campanula rotundifolia,NA,NA,NA,#VALUE!,#VALUE!
Lobelia kalmii,Lobelia kalmii,7,6,10,9,4
Linnaea borealis,Linnaea borealis,7,5,10,9,5
Lonicera dioica,Lonicera dioica,6,6,8,7,2
Lonicera involucrata,Lonicera involucrata,6,5,8,7,3
Lonicera utahensis,Lonicera utahensis,6,5,8,7,3
Symphoricarpos albus,Symphoricarpos albus,7,6,9,8,3
Symphoricarpos occidentalis,Symphoricarpos occidentalis,7,6,9,8,3
Valeriana dioica,Valeriana dioica,6,5,9,8,4
Valeriana sitchensis,Valeriana sitchensis,7,6,10,9,4
Cerastium arvense,Cerastium arvense,6,5,9,8,4
Eremogone capillaris,Eremogone capillaris,7,6,10,9,4
Eremogone congesta,Eremogone congesta,NA,NA,NA,#VALUE!,#VALUE!
Moehringia lateriflora,Moehringia lateriflora,7,5,10,9,5
Paronychia sessiliflora,Paronychia sessiliflora,7,6,9,8,3
Sagina saginoides,Sagina saginoides,NA,NA,NA,#VALUE!,#VALUE!
Silene acaulis,Silene acaulis,7,5,10,9,5
Silene menziesii,Silene menziesii,NA,NA,NA,#VALUE!,#VALUE!
Stellaria calycantha,Stellaria calycantha,NA,NA,NA,#VALUE!,#VALUE!
Stellaria longifolia,Stellaria longifolia,NA,6,8,7,2
Stellaria longipes,Stellaria longipes,6,5,9,8,4
Paxistima myrsinites,Paxistima myrsinites,NA,5,7,6,2
Comandra umbellata,Comandra umbellata,6,5,8,7,3
Calystegia sepium,Calystegia sepium,7,6,10,9,4
Cornus canadensis,Cornus canadensis,6,5,9,8,4
Cornus sericea,Cornus sericea,6,5,9,8,4
Rhodiola integrifolia,Rhodiola integrifolia,6,5,9,8,4
Sedum lanceolatum,Sedum lanceolatum,7,6,10,9,4
Sedum stenopetalum,Sedum stenopetalum,NA,NA,NA,#VALUE!,#VALUE!
Juniperus communis,Juniperus communis,NA,NA,NA,#VALUE!,#VALUE!
Juniperus horizontalis,Juniperus horizontalis,NA,NA,NA,#VALUE!,#VALUE!
Juniperus scopulorum,Juniperus scopulorum,NA,NA,NA,#VALUE!,#VALUE!
Carex aquatilis,Carex aquatilis,5,5,7,6,2
Carex atherodes,Carex atherodes,7,6,9,8,3
Carex athrostachya,Carex athrostachya,NA,NA,NA,#VALUE!,#VALUE!
Carex aurea,Carex aurea,6,6,7,6,1
Carex bebbii,Carex bebbii,NA,6,8,7,2
Carex brevior,Carex brevior,NA,NA,NA,#VALUE!,#VALUE!
Carex capillaris,Carex capillaris,NA,NA,NA,#VALUE!,#VALUE!
Carex concinnoides,Carex concinnoides,NA,NA,NA,#VALUE!,#VALUE!
Carex deflexa,Carex deflexa,NA,NA,NA,#VALUE!,#VALUE!
Carex diandra,Carex diandra,NA,NA,NA,#VALUE!,#VALUE!
Carex duriuscula,Carex duriuscula,NA,NA,NA,#VALUE!,#VALUE!
Carex eburnea,Carex eburnea,NA,NA,NA,#VALUE!,#VALUE!
Carex filifolia,Carex filifolia,5,4,9,8,5
Carex flava,Carex flava,NA,6,9,8,3
Carex foenea,Carex foenea,NA,NA,NA,#VALUE!,#VALUE!
Carex geyeri,Carex geyeri,NA,4,9,8,5
Carex haydeniana,Carex haydeniana,NA,NA,NA,#VALUE!,#VALUE!
Carex hoodii,Carex hoodii,NA,NA,NA,#VALUE!,#VALUE!
Carex inops,Carex inops,NA,NA,NA,#VALUE!,#VALUE!
Carex interior,Carex interior,NA,6,8,7,2
Carex lasiocarpa,Carex lasiocarpa,NA,NA,NA,#VALUE!,#VALUE!
Carex limosa,Carex limosa,NA,NA,NA,#VALUE!,#VALUE!
Carex microptera,Carex microptera,NA,NA,NA,#VALUE!,#VALUE!
Carex nardina,Carex nardina,NA,NA,NA,#VALUE!,#VALUE!
Carex nebrascensis,Carex nebrascensis,NA,NA,NA,#VALUE!,#VALUE!
Carex obtusata,Carex obtusata,NA,NA,NA,#VALUE!,#VALUE!
Carex pachystachya,Carex pachystachya,NA,NA,NA,#VALUE!,#VALUE!
Carex pellita,Carex pellita,6,5,8,7,3
Carex petasata,Carex petasata,NA,5,9,8,4
Carex phaeocephala,Carex phaeocephala,NA,NA,NA,#VALUE!,#VALUE!
Carex podocarpa,Carex podocarpa,NA,NA,NA,#VALUE!,#VALUE!
Carex praegracilis,Carex praegracilis,NA,NA,NA,#VALUE!,#VALUE!
Carex praticola,Carex praticola,NA,NA,NA,#VALUE!,#VALUE!
Carex pseudocyperus,Carex pseudocyperus,NA,6,8,7,2
Carex raynoldsii,Carex raynoldsii,NA,NA,NA,#VALUE!,#VALUE!
Carex richardsonii,Carex richardsonii,NA,NA,NA,#VALUE!,#VALUE!
Carex rossii,Carex rossii,NA,NA,NA,#VALUE!,#VALUE!
Carex rostrata,Carex rostrata,NA,NA,NA,#VALUE!,#VALUE!
Carex rupestris,Carex rupestris,NA,NA,NA,#VALUE!,#VALUE!
Carex scirpoidea,Carex scirpoidea,5,5,10,9,5
Carex siccata,Carex siccata,NA,NA,NA,#VALUE!,#VALUE!
Carex spectabilis,Carex spectabilis,NA,NA,NA,#VALUE!,#VALUE!
Carex sprengelii,Carex sprengelii,6,5,8,7,3
Carex tahoensis,Carex tahoensis,NA,NA,NA,#VALUE!,#VALUE!
Carex umbellata,Carex umbellata,NA,NA,NA,#VALUE!,#VALUE!
Carex utriculata,Carex utriculata,6,6,10,9,4
Carex vesicaria,Carex vesicaria,NA,NA,NA,#VALUE!,#VALUE!
Carex xerantica,Carex xerantica,NA,NA,NA,#VALUE!,#VALUE!
Eleocharis macrostachya,Eleocharis macrostachya,NA,NA,NA,#VALUE!,#VALUE!
Eleocharis palustris,Eleocharis palustris,NA,6,9,8,3
Eriophorum angustifolium,Eriophorum angustifolium,NA,NA,NA,#VALUE!,#VALUE!
Schoenoplectus acutus,Schoenoplectus acutus,6,6,11,10,5
Schoenoplectus tabernaemontani,Schoenoplectus tabernaemontani,7,7,11,10,4
Scirpus microcarpus,Scirpus microcarpus,6,6,8,7,2
Cystopteris fragilis,Cystopteris fragilis,NA,NA,NA,#VALUE!,#VALUE!
Gymnocarpium disjunctum,Gymnocarpium disjunctum,NA,NA,NA,#VALUE!,#VALUE!
Gymnocarpium dryopteris,Gymnocarpium dryopteris,NA,NA,NA,#VALUE!,#VALUE!
Pteridium aquilinum,Pteridium aquilinum,NA,NA,NA,#VALUE!,#VALUE!
Polystichum lonchitis,Polystichum lonchitis,NA,NA,NA,#VALUE!,#VALUE!
Elaeagnus commutata,Elaeagnus commutata,6,5,10,9,5
Shepherdia argentea,Shepherdia argentea,5,4,6,5,2
Shepherdia canadensis,Shepherdia canadensis,5,4,6,5,2
Equisetum arvense,Equisetum arvense,NA,NA,NA,#VALUE!,#VALUE!
Equisetum fluviatile,Equisetum fluviatile,NA,NA,NA,#VALUE!,#VALUE!
Equisetum hyemale,Equisetum hyemale,NA,NA,NA,#VALUE!,#VALUE!
Equisetum laevigatum,Equisetum laevigatum,NA,NA,NA,#VALUE!,#VALUE!
Equisetum palustre,Equisetum palustre,NA,NA,NA,#VALUE!,#VALUE!
Equisetum pratense,Equisetum pratense,NA,NA,NA,#VALUE!,#VALUE!
Equisetum scirpoides,Equisetum scirpoides,NA,NA,NA,#VALUE!,#VALUE!
Equisetum sylvaticum,Equisetum sylvaticum,NA,NA,NA,#VALUE!,#VALUE!
Equisetum variegatum,Equisetum variegatum,NA,NA,NA,#VALUE!,#VALUE!
Arctostaphylos uva-ursi,Arctostaphylos uva-ursi,5,5,10,9,5
Chimaphila umbellata,Chimaphila umbellata,7,7,10,9,3
Moneses uniflora,Moneses uniflora,7,6,10,9,4
Orthilia secunda,Orthilia secunda,7,7,9,8,2
Pterospora andromedea,Pterospora andromedea,7,7,9,8,2
Pyrola asarifolia,Pyrola asarifolia,7,6,10,9,4
Pyrola chlorantha,Pyrola chlorantha,7,6,9,8,3
Pyrola elliptica,Pyrola elliptica,7,6,8,7,2
Rhododendron groenlandicum,Rhododendron groenlandicum,6,5,8,7,3
Vaccinium myrtillus,Vaccinium myrtillus,6,6,8,7,2
Astragalus agrestis,Astragalus agrestis,6,5,10,9,5
Astragalus alpinus,Astragalus alpinus,6,5,9,8,4
Astragalus americanus,Astragalus americanus,7,6,9,8,3
Astragalus australis,Astragalus australis,6,5,9,8,4
Astragalus bisulcatus,Astragalus bisulcatus,6,5,8,7,3
Astragalus canadensis,Astragalus canadensis,7,6,10,9,4
Astragalus crassicarpus,Astragalus crassicarpus,5,5,7,6,2
Astragalus drummondii,Astragalus drummondii,6,5,8,7,3
Astragalus eucosmus,Astragalus eucosmus,NA,NA,NA,#VALUE!,#VALUE!
Astragalus flexuosus,Astragalus flexuosus,6,6,9,8,3
Astragalus gilviflorus,Astragalus gilviflorus,5,4,7,6,3
Astragalus kentrophyta,Astragalus kentrophyta,NA,5,8,7,3
Astragalus laxmannii,Astragalus laxmannii,6,6,9,8,3
Astragalus miser,Astragalus miser,6,6,9,8,3
Astragalus missouriensis,Astragalus missouriensis,5,4,8,7,4
Astragalus pectinatus,Astragalus pectinatus,5,5,7,6,2
Astragalus robbinsii,Astragalus robbinsii,6,5,8,7,3
Astragalus vexilliflexus,Astragalus vexilliflexus,6,5,10,9,5
Dalea candida,Dalea candida,7,6,9,8,3
Dalea purpurea,Dalea purpurea,7,6,10,9,4
Glycyrrhiza lepidota,Glycyrrhiza lepidota,7,6,9,8,3
Hedysarum alpinum,Hedysarum alpinum,6,5,10,9,5
Hedysarum boreale,Hedysarum boreale,6,4,11,10,7
Hedysarum sulphurescens,Hedysarum sulphurescens,7,5,9,8,4
Lathyrus ochroleucus,Lathyrus ochroleucus,6,5,8,7,3
Lupinus argenteus,Lupinus argenteus,7,5,9,8,4
Lupinus lepidus,Lupinus lepidus,NA,5,8,7,3
Lupinus polyphyllus,Lupinus polyphyllus,NA,6,10,9,4
Lupinus sericeus,Lupinus sericeus,6,6,8,7,2
Oxytropis borealis,Oxytropis borealis,6,5,10,9,5
Oxytropis campestris,Oxytropis campestris,7,5,10,9,5
Oxytropis deflexa,Oxytropis deflexa,7,6,9,8,3
Oxytropis monticola,Oxytropis monticola,NA,NA,NA,#VALUE!,#VALUE!
Oxytropis sericea,Oxytropis sericea,5,5,7,6,2
Oxytropis sericea,Oxytropis sericea,5,5,7,6,2
Oxytropis splendens,Oxytropis splendens,7,6,9,8,3
Pediomelum esculentum,Pediomelum esculentum,6,6,8,7,2
Thermopsis rhombifolia,Thermopsis rhombifolia,5,4,8,7,4
Vicia americana,Vicia americana,6,5,10,9,5
Gentiana affinis,Gentiana affinis,8,7,10,9,3
Gentianella amarella,Gentianella amarella,8,6,10,9,4
Gentianopsis macounii,Gentianopsis macounii,NA,NA,NA,#VALUE!,#VALUE!
Lomatogonium rotatum,Lomatogonium rotatum,NA,NA,NA,#VALUE!,#VALUE!
Geranium bicknellii,Geranium bicknellii,7,6,11,10,5
Geranium richardsonii,Geranium richardsonii,7,4,10,9,6
Geranium viscosissimum,Geranium viscosissimum,6,5,12,11,7
Ribes americanum,Ribes americanum,5,5,7,6,2
Ribes aureum,Ribes aureum,5,4,7,6,3
Ribes inerme,Ribes inerme,NA,4,7,6,3
Ribes lacustre,Ribes lacustre,6,5,8,7,3
Ribes oxyacanthoides,Ribes oxyacanthoides,5,5,7,6,2
Myriophyllum sibiricum,Myriophyllum sibiricum,NA,6,9,8,3
Myriophyllum verticillatum,Myriophyllum verticillatum,NA,NA,NA,#VALUE!,#VALUE!
Philadelphus lewisii,Philadelphus lewisii,NA,5,9,8,4
Elodea canadensis,Elodea canadensis,NA,6,9,8,3
Ellisia nyctelea,Ellisia nyctelea,NA,NA,NA,#VALUE!,#VALUE!
Hydrophyllum capitatum,Hydrophyllum capitatum,5,5,8,7,3
Nemophila breviflora,Nemophila breviflora,NA,4,8,7,4
Phacelia franklinii,Phacelia franklinii,NA,NA,NA,#VALUE!,#VALUE!
Phacelia hastata,Phacelia hastata,7,6,10,9,4
Phacelia linearis,Phacelia linearis,NA,4,8,7,4
Phacelia sericea,Phacelia sericea,7,5,10,9,5
Sisyrinchium montanum,Sisyrinchium montanum,5,5,9,8,4
Sisyrinchium septentrionale,Sisyrinchium septentrionale,NA,NA,NA,#VALUE!,#VALUE!
Juncus alpinoarticulatus,Juncus alpinoarticulatus,NA,NA,NA,#VALUE!,#VALUE!
Juncus balticus,Juncus balticus,6,5,8,7,3
Juncus bufonius,Juncus bufonius,NA,6,8,7,2
Juncus confusus,Juncus confusus,NA,NA,NA,#VALUE!,#VALUE!
Juncus ensifolius,Juncus ensifolius,NA,NA,NA,#VALUE!,#VALUE!
Juncus longistylis,Juncus longistylis,NA,NA,NA,#VALUE!,#VALUE!
Juncus nodosus,Juncus nodosus,NA,NA,NA,#VALUE!,#VALUE!
Juncus tenuis,Juncus tenuis,NA,NA,NA,#VALUE!,#VALUE!
Luzula multiflora,Luzula multiflora,NA,NA,NA,#VALUE!,#VALUE!
Luzula parviflora,Luzula parviflora,NA,7,8,7,1
Luzula spicata,Luzula spicata,NA,NA,NA,#VALUE!,#VALUE!
Triglochin maritima,Triglochin maritima,7,5,9,8,4
Triglochin palustris,Triglochin palustris,NA,NA,NA,#VALUE!,#VALUE!
Dracocephalum parviflorum,Dracocephalum parviflorum,6,6,9,8,3
Mentha arvensis,Mentha arvensis,NA,NA,NA,#VALUE!,#VALUE!
Monarda fistulosa,Monarda fistulosa,8,5,10,9,5
Prunella vulgaris,Prunella vulgaris,7,6,10,9,4
Scutellaria galericulata,Scutellaria galericulata,7,6,10,9,4
Stachys pilosa,Stachys pilosa,7,6,9,8,3
Pinguicula vulgaris,Pinguicula vulgaris,7,5,9,8,4
Calochortus apiculatus,Calochortus apiculatus,6,6,9,8,3
Clintonia uniflora,Clintonia uniflora,7,6,9,8,3
Erythronium grandiflorum,Erythronium grandiflorum,5,4,9,8,5
Fritillaria pudica,Fritillaria pudica,5,4,7,6,3
Lilium philadelphicum,Lilium philadelphicum,7,5,10,9,5
Prosartes hookeri,Prosartes hookeri,6,5,7,6,2
Prosartes trachycarpa,Prosartes trachycarpa,5,4,7,6,3
Streptopus amplexifolius,Streptopus amplexifolius,7,6,8,7,2
Linum lewisii,Linum lewisii,6,5,11,10,6
Mentzelia decapetala,Mentzelia decapetala,8,7,10,9,3
Iliamna rivularis,Iliamna rivularis,7,6,10,9,4
Sphaeralcea coccinea,Sphaeralcea coccinea,6,5,10,9,5
Veratrum viride,Veratrum viride,8,7,9,8,2
Xerophyllum tenax,Xerophyllum tenax,6,5,9,8,4
Menyanthes trifoliata,Menyanthes trifoliata,6,5,8,7,3
Claytonia lanceolata,Claytonia lanceolata,6,4,9,8,5
Lewisia pygmaea,Lewisia pygmaea,NA,5,9,8,4
Lewisia rediviva,Lewisia rediviva,NA,6,8,7,2
Montia linearis,Montia linearis,NA,5,8,7,3
Nuphar variegata,Nuphar variegata,7,5,9,8,4
Fraxinus pennsylvanica,Fraxinus pennsylvanica,6,6,7,6,1
Epilobium ciliatum,Epilobium ciliatum,7,6,11,10,5
Epilobium hornemannii,Epilobium hornemannii,NA,NA,NA,#VALUE!,#VALUE!
Epilobium palustre,Epilobium palustre,NA,NA,NA,#VALUE!,#VALUE!
Oenothera biennis,Oenothera biennis,7,6,10,9,4
Oenothera nuttallii,Oenothera nuttallii,8,6,10,9,4
Oenothera suffrutescens,Oenothera suffrutescens,6,5,9,8,4
Oenothera villosa,Oenothera villosa,7,6,10,9,4
Botrychium hesperium,Botrychium hesperium,NA,NA,NA,#VALUE!,#VALUE!
Botrychium lunaria,Botrychium lunaria,NA,NA,NA,#VALUE!,#VALUE!
Botrychium minganense,Botrychium minganense,NA,NA,NA,#VALUE!,#VALUE!
Botrychium paradoxum,Botrychium paradoxum,NA,NA,NA,#VALUE!,#VALUE!
Sceptridium multifidum,Sceptridium multifidum,NA,NA,NA,#VALUE!,#VALUE!
Calypso bulbosa,Calypso bulbosa,6,5,11,10,6
Corallorhiza maculata,Corallorhiza maculata,7,6,8,7,2
Corallorhiza striata,Corallorhiza striata,6,5,9,8,4
Corallorhiza trifida,Corallorhiza trifida,6,5,8,7,3
Cypripedium montanum,Cypripedium montanum,6,5,9,8,4
Cypripedium parviflorum,Cypripedium parviflorum,6,5,8,7,3
Cypripedium passerinum,Cypripedium passerinum,7,6,8,7,2
Galearis rotundifolia,Galearis rotundifolia,6,6,8,7,2
Goodyera oblongifolia,Goodyera oblongifolia,8,7,10,9,3
Goodyera repens,Goodyera repens,7,7,9,8,2
Malaxis monophyllos,Malaxis monophyllos,NA,NA,NA,#VALUE!,#VALUE!
Neottia banksiana,Neottia banksiana,NA,6,9,8,3
Neottia borealis,Neottia borealis,6,6,8,7,2
Neottia convallarioides,Neottia convallarioides,NA,7,8,7,1
Neottia cordata,Neottia cordata,6,5,8,7,3
Platanthera aquilonis,Platanthera aquilonis,7,6,9,8,3
Platanthera dilatata,Platanthera dilatata,7,6,9,8,3
Platanthera huronensis,Platanthera huronensis,7,6,9,8,3
Platanthera obtusata,Platanthera obtusata,7,6,9,8,3
Platanthera orbiculata,Platanthera orbiculata,7,6,8,7,2
Spiranthes romanzoffiana,Spiranthes romanzoffiana,8,7,10,9,3
Castilleja cusickii,Castilleja cusickii,NA,NA,NA,#VALUE!,#VALUE!
Castilleja hispida,Castilleja hispida,6,5,9,8,4
Castilleja lutescens,Castilleja lutescens,6,6,9,8,3
Castilleja miniata,Castilleja miniata,8,5,11,10,6
Castilleja occidentalis,Castilleja occidentalis,7,6,10,9,4
Orthocarpus luteus,Orthocarpus luteus,8,6,10,9,4
Pedicularis bracteosa,Pedicularis bracteosa,7,6,9,8,3
Pedicularis contorta,Pedicularis contorta,7,6,9,8,3
Pedicularis groenlandica,Pedicularis groenlandica,7,6,10,9,4
Corydalis aurea,Corydalis aurea,5,4,8,7,4
Parnassia fimbriata,Parnassia fimbriata,8,7,10,9,3
Parnassia palustris,Parnassia palustris,7,6,10,9,4
Larix lyallii,Larix lyallii,NA,NA,NA,#VALUE!,#VALUE!
Larix occidentalis,Larix occidentalis,NA,NA,NA,#VALUE!,#VALUE!
Picea engelmannii,Picea engelmannii,NA,NA,NA,#VALUE!,#VALUE!
Picea glauca,Picea glauca,NA,NA,NA,#VALUE!,#VALUE!
Pinus albicaulis,Pinus albicaulis,NA,NA,NA,#VALUE!,#VALUE!
Pinus contorta,Pinus contorta,NA,NA,NA,#VALUE!,#VALUE!
Pinus flexilis,Pinus flexilis,NA,NA,NA,#VALUE!,#VALUE!
Pinus monticola,Pinus monticola,NA,NA,NA,#VALUE!,#VALUE!
Pseudotsuga menziesii,Pseudotsuga menziesii,NA,NA,NA,#VALUE!,#VALUE!
Callitriche palustris,Callitriche palustris,NA,7,9,8,2
Collinsia parviflora,Collinsia parviflora,6,5,8,7,3
Hippuris vulgaris,Hippuris vulgaris,NA,6,8,7,2
Penstemon albertinus,Penstemon albertinus,6,6,8,7,2
Penstemon albidus,Penstemon albidus,6,5,8,7,3
Penstemon confertus,Penstemon confertus,7,6,9,8,3
Penstemon ellipticus,Penstemon ellipticus,7,6,11,10,5
Penstemon eriantherus,Penstemon eriantherus,6,5,7,6,2
Penstemon fruticosus,Penstemon fruticosus,6,6,8,7,2
Penstemon nitidus,Penstemon nitidus,5,4,8,7,4
Penstemon procerus,Penstemon procerus,7,6,11,10,5
Veronica americana,Veronica americana,7,6,11,10,5
Veronica anagallis-aquatica,Veronica anagallis-aquatica,9,6,12,11,6
Veronica peregrina,Veronica peregrina,NA,NA,NA,#VALUE!,#VALUE!
Veronica serpyllifolia,Veronica serpyllifolia,6,6,10,9,4
Agrostis scabra,Agrostis scabra,NA,NA,,-1,#VALUE!
Alopecurus aequalis,Alopecurus aequalis,NA,6,9,8,3
Alopecurus magellanicus,Alopecurus magellanicus,NA,NA,NA,#VALUE!,#VALUE!
Beckmannia syzigachne,Beckmannia syzigachne,7,6,10,9,4
Bouteloua gracilis,Bouteloua gracilis,7,6,11,10,5
Bromus carinatus,Bromus carinatus,NA,NA,NA,#VALUE!,#VALUE!
Bromus ciliatus,Bromus ciliatus,7,5,10,9,5
Bromus pumpellianus,Bromus pumpellianus,7,6,8,7,2
Calamagrostis canadensis,Calamagrostis canadensis,7,7,9,8,2
Calamagrostis montanensis,Calamagrostis montanensis,NA,NA,NA,#VALUE!,#VALUE!
Calamagrostis purpurascens,Calamagrostis purpurascens,NA,NA,NA,#VALUE!,#VALUE!
Calamagrostis stricta,Calamagrostis stricta,NA,NA,NA,#VALUE!,#VALUE!
Catabrosa aquatica,Catabrosa aquatica,NA,NA,NA,#VALUE!,#VALUE!
Danthonia intermedia,Danthonia intermedia,NA,NA,NA,#VALUE!,#VALUE!
Danthonia parryi,Danthonia parryi,NA,NA,NA,#VALUE!,#VALUE!
Danthonia unispicata,Danthonia unispicata,NA,NA,NA,#VALUE!,#VALUE!
Deschampsia elongata,Deschampsia elongata,NA,6,8,7,2
Elymus albicans,Elymus albicans,NA,NA,NA,#VALUE!,#VALUE!
Elymus glaucus,Elymus glaucus,NA,NA,NA,#VALUE!,#VALUE!
Elymus lanceolatus,Elymus lanceolatus,NA,NA,NA,#VALUE!,#VALUE!
Elymus violaceus,Elymus violaceus,NA,NA,NA,#VALUE!,#VALUE!
Festuca campestris,Festuca campestris,6,6,7,6,1
Festuca hallii,Festuca hallii,6,6,8,7,2
Festuca idahoensis,Festuca idahoensis,NA,NA,NA,#VALUE!,#VALUE!
Festuca occidentalis,Festuca occidentalis,NA,5,8,7,3
Festuca rubra,Festuca rubra,NA,6,8,7,2
Festuca saximontana,Festuca saximontana,NA,NA,NA,#VALUE!,#VALUE!
Glyceria borealis,Glyceria borealis,NA,NA,NA,#VALUE!,#VALUE!
Glyceria grandis,Glyceria grandis,NA,6,9,8,3
Hesperostipa comata,Hesperostipa comata,6,6,7,6,1
Hesperostipa curtiseta,Hesperostipa curtiseta,NA,NA,NA,#VALUE!,#VALUE!
Hordeum jubatum,Hordeum jubatum,NA,6,8,7,2
Koeleria macrantha,Koeleria macrantha,NA,6,8,7,2
Leymus innovatus,Leymus innovatus,NA,7,9,8,2
Melica smithii,Melica smithii,NA,NA,NA,#VALUE!,#VALUE!
Melica spectabilis,Melica spectabilis,NA,NA,NA,#VALUE!,#VALUE!
Melica subulata,Melica subulata,NA,7,8,7,1
Muhlenbergia cuspidata,Muhlenbergia cuspidata,NA,NA,NA,#VALUE!,#VALUE!
Muhlenbergia racemosa,Muhlenbergia racemosa,NA,NA,NA,#VALUE!,#VALUE!
Nassella viridula,Nassella viridula,NA,NA,NA,#VALUE!,#VALUE!
Oryzopsis asperifolia,Oryzopsis asperifolia,NA,5,7,6,2
Phalaris arundinacea,Phalaris arundinacea,7,5,11,10,6
Poa cusickii,Poa cusickii,NA,NA,NA,#VALUE!,#VALUE!
Poa interior,Poa interior,NA,NA,NA,#VALUE!,#VALUE!
Poa palustris,Poa palustris,NA,5,8,7,3
Poa pratensis,Poa pratensis,6,5,10,9,5
Poa secunda,Poa secunda,NA,NA,NA,#VALUE!,#VALUE!
Poa stenantha,Poa stenantha,NA,NA,NA,#VALUE!,#VALUE!
Pseudoroegneria spicata,Pseudoroegneria spicata,NA,NA,NA,#VALUE!,#VALUE!
Schizachne purpurascens,Schizachne purpurascens,NA,NA,NA,#VALUE!,#VALUE!
Schizachyrium scoparium,Schizachyrium scoparium,NA,NA,NA,#VALUE!,#VALUE!
Sphenopholis intermedia,Sphenopholis intermedia,NA,NA,NA,#VALUE!,#VALUE!
Collomia linearis,Collomia linearis,6,6,9,8,3
Leptosiphon septentrionalis,Leptosiphon septentrionalis,NA,5,8,7,3
Phlox alyssifolia,Phlox alyssifolia,NA,6,7,6,1
Phlox hoodii,Phlox hoodii,5,3,11,10,8
Polemonium occidentale,Polemonium occidentale,NA,NA,NA,#VALUE!,#VALUE!
Polemonium pulcherrimum,Polemonium pulcherrimum,6,4,10,9,6
Polygala senega,Polygala senega,6,5,8,7,3
Bistorta vivipara,Bistorta vivipara,7,6,11,10,5
Eriogonum androsaceum,Eriogonum androsaceum,7,6,9,8,3
Eriogonum flavum,Eriogonum flavum,6,5,10,9,5
Eriogonum ovalifolium,Eriogonum ovalifolium,7,6,10,9,4
Eriogonum umbellatum,Eriogonum umbellatum,7,6,10,9,4
Persicaria amphibia,Persicaria amphibia,8,5,10,9,5
Persicaria lapathifolia,Persicaria lapathifolia,NA,NA,NA,#VALUE!,#VALUE!
Polygonum achoreum,Polygonum achoreum,NA,NA,NA,#VALUE!,#VALUE!
Polygonum minimum,Polygonum minimum,NA,7,10,9,3
Rumex fueginus,Rumex fueginus,7,6,10,9,4
Rumex occidentalis,Rumex occidentalis,NA,NA,NA,#VALUE!,#VALUE!
Rumex triangulivalvis,Rumex triangulivalvis,NA,NA,NA,#VALUE!,#VALUE!
Polypodium hesperium,Polypodium hesperium,NA,NA,NA,#VALUE!,#VALUE!
Potamogeton foliosus,Potamogeton foliosus,NA,NA,NA,#VALUE!,#VALUE!
Potamogeton friesii,Potamogeton friesii,NA,NA,NA,#VALUE!,#VALUE!
Potamogeton gramineus,Potamogeton gramineus,NA,6,9,8,3
Potamogeton natans,Potamogeton natans,NA,NA,NA,#VALUE!,#VALUE!
Potamogeton praelongus,Potamogeton praelongus,NA,NA,NA,#VALUE!,#VALUE!
Potamogeton richardsonii,Potamogeton richardsonii,7,6,9,8,3
Stuckenia filiformis,Stuckenia filiformis,NA,NA,NA,#VALUE!,#VALUE!
Stuckenia pectinata,Stuckenia pectinata,NA,NA,NA,#VALUE!,#VALUE!
Androsace chamaejasme,Androsace chamaejasme,NA,NA,NA,#VALUE!,#VALUE!
Androsace septentrionalis,Androsace septentrionalis,5,4,9,8,5
Lysimachia ciliata,Lysimachia ciliata,7,6,10,9,4
Primula mistassinica,Primula mistassinica,NA,6,8,7,2
Cryptogramma acrostichoides,Cryptogramma acrostichoides,NA,NA,NA,#VALUE!,#VALUE!
Cryptogramma stelleri,Cryptogramma stelleri,NA,NA,NA,#VALUE!,#VALUE!
Myriopteris gracilis,Myriopteris gracilis,NA,NA,NA,#VALUE!,#VALUE!
Pellaea gastonyi,Pellaea gastonyi,NA,NA,NA,#VALUE!,#VALUE!
Pellaea glabella,Pellaea glabella,NA,NA,NA,#VALUE!,#VALUE!
Actaea rubra,Actaea rubra,6,5,8,7,3
Anemone cylindrica,Anemone cylindrica,7,6,8,7,2
Anemone multifida,Anemone multifida,6,5,9,8,4
Anemone parviflora,Anemone parviflora,6,5,10,9,5
Aquilegia brevistyla,Aquilegia brevistyla,6,5,9,8,4
Aquilegia flavescens,Aquilegia flavescens,7,5,10,9,5
Aquilegia jonesii,Aquilegia jonesii,6,6,8,7,2
Clematis ligusticifolia,Clematis ligusticifolia,7,6,9,8,3
Clematis occidentalis,Clematis occidentalis,6,5,11,10,6
Delphinium bicolor,Delphinium bicolor,7,5,8,7,3
Delphinium glaucum,Delphinium glaucum,7,6,10,9,4
Myosurus apetalus,Myosurus apetalus,NA,NA,NA,#VALUE!,#VALUE!
Ranunculus abortivus,Ranunculus abortivus,6,6,8,7,2
Ranunculus cardiophyllus,Ranunculus cardiophyllus,6,5,8,7,3
Ranunculus eschscholtzii,Ranunculus eschscholtzii,7,4,11,10,7
Ranunculus flammula,Ranunculus flammula,NA,NA,NA,#VALUE!,#VALUE!
Ranunculus glaberrimus,Ranunculus glaberrimus,5,4,10,9,6
Ranunculus gmelinii,Ranunculus gmelinii,6,5,11,10,6
Ranunculus inamoenus,Ranunculus inamoenus,NA,NA,NA,#VALUE!,#VALUE!
Ranunculus macounii,Ranunculus macounii,NA,NA,NA,#VALUE!,#VALUE!
Ranunculus rhomboideus,Ranunculus rhomboideus,5,4,8,7,4
Ranunculus sceleratus,Ranunculus sceleratus,6,5,11,10,6
Ranunculus uncinatus,Ranunculus uncinatus,NA,NA,NA,#VALUE!,#VALUE!
Thalictrum dasycarpum,Thalictrum dasycarpum,NA,NA,NA,#VALUE!,#VALUE!
Thalictrum occidentale,Thalictrum occidentale,7,6,9,8,3
Thalictrum venulosum,Thalictrum venulosum,6,5,8,7,3
Ceanothus velutinus,Ceanothus velutinus,NA,7,8,7,1
Agrimonia striata,Agrimonia striata,7,6,9,8,3
Amelanchier alnifolia,Amelanchier alnifolia,5,5,8,7,3
Chamaerhodos erecta,Chamaerhodos erecta,6,5,8,7,3
Crataegus castlegarensis,Crataegus castlegarensis,NA,NA,NA,#VALUE!,#VALUE!
Crataegus chrysocarpa,Crataegus chrysocarpa,6,5,7,6,2
Crataegus cupressocollina,Crataegus cupressocollina,NA,NA,NA,#VALUE!,#VALUE!
Crataegus douglasii,Crataegus douglasii,NA,NA,NA,#VALUE!,#VALUE!
Crataegus rivuloadamensis,Crataegus rivuloadamensis,NA,NA,NA,#VALUE!,#VALUE!
Crataegus rivulopugnensis,Crataegus rivulopugnensis,NA,NA,NA,#VALUE!,#VALUE!
Crataegus ursopedensis,Crataegus ursopedensis,NA,NA,NA,#VALUE!,#VALUE!
Dasiphora fruticosa,Dasiphora fruticosa,7,5,11,10,6
Dryas drummondii,Dryas drummondii,6,5,8,7,3
Drymocallis arguta,Drymocallis arguta,7,6,9,8,3
Fragaria virginiana,Fragaria virginiana,6,5,12,11,7
Geum aleppicum,Geum aleppicum,7,6,10,9,4
Geum macrophyllum,Geum macrophyllum,7,6,11,10,5
Geum rivale,Geum rivale,6,5,8,7,3
Geum triflorum,Geum triflorum,5,4,8,7,4
Physocarpus malvaceus,Physocarpus malvaceus,NA,6,7,6,1
Potentilla bipinnatifida,Potentilla bipinnatifida,NA,NA,NA,#VALUE!,#VALUE!
Potentilla concinna,Potentilla concinna,5,4,7,6,3
Potentilla diversifolia,Potentilla diversifolia,NA,NA,NA,#VALUE!,#VALUE!
Potentilla effusa,Potentilla effusa,6,6,9,8,3
Potentilla gracilis,Potentilla gracilis,7,6,9,8,3
Potentilla hippiana,Potentilla hippiana,7,6,10,9,4
Potentilla norvegica,Potentilla norvegica,7,6,10,9,4
Potentilla ovina,Potentilla ovina,NA,NA,NA,#VALUE!,#VALUE!
Potentilla pensylvanica,Potentilla pensylvanica,7,6,9,8,3
Potentilla plattensis,Potentilla plattensis,NA,NA,NA,#VALUE!,#VALUE!
Potentilla pulcherrima,Potentilla pulcherrima,7,6,11,10,5
Prunus pensylvanica,Prunus pensylvanica,5,5,7,6,2
Prunus virginiana,Prunus virginiana,5,4,8,7,4
Rosa acicularis,Rosa acicularis,6,5,8,7,3
Rosa arkansana,Rosa arkansana,7,6,10,9,4
Rosa woodsii,Rosa woodsii,6,6,9,8,3
Rubus arcticus,Rubus arcticus,6,5,9,8,4
Rubus idaeus,Rubus idaeus,6,6,8,7,2
Rubus parviflorus,Rubus parviflorus,6,5,8,7,3
Rubus pubescens,Rubus pubescens,6,5,7,6,2
Spiraea alba,Spiraea alba,7,7,9,8,2
Spiraea betulifolia,Spiraea betulifolia,NA,NA,NA,#VALUE!,#VALUE!
Spiraea splendens,Spiraea splendens,NA,6,9,8,3
Galium boreale,Galium boreale,7,6,9,8,3
Galium trifidum,Galium trifidum,7,6,10,9,4
Galium triflorum,Galium triflorum,7,6,9,8,3
Populus angustifolia,Populus angustifolia,NA,NA,NA,#VALUE!,#VALUE!
Populus balsamifera,Populus balsamifera,4,4,6,5,2
Populus deltoides,Populus deltoides,NA,4,5,4,1
Populus tremuloides,Populus tremuloides,4,4,5,4,1
Salix bebbiana,Salix bebbiana,6,5,9,8,4
Salix brachycarpa,Salix brachycarpa,NA,NA,NA,#VALUE!,#VALUE!
Salix candida,Salix candida,6,5,7,6,2
Salix discolor,Salix discolor,4,3,6,5,3
Salix drummondiana,Salix drummondiana,NA,NA,NA,#VALUE!,#VALUE!
Salix exigua,Salix exigua,NA,5,9,8,4
Salix famelica,Salix famelica,5,5,6,5,1
Salix farriae,Salix farriae,NA,NA,NA,#VALUE!,#VALUE!
Salix glauca,Salix glauca,6,6,8,7,2
Salix interior,Salix interior,5,5,8,7,3
Salix maccalliana,Salix maccalliana,NA,NA,NA,#VALUE!,#VALUE!
Salix melanopsis,Salix melanopsis,NA,NA,NA,#VALUE!,#VALUE!
Salix petiolaris,Salix petiolaris,NA,5,6,5,1
Salix planifolia,Salix planifolia,4,4,6,5,2
Salix prolixa,Salix prolixa,NA,NA,NA,#VALUE!,#VALUE!
Salix pseudomonticola,Salix pseudomonticola,NA,NA,NA,#VALUE!,#VALUE!
Salix pseudomyrsinites,Salix pseudomyrsinites,NA,NA,NA,#VALUE!,#VALUE!
Salix scouleriana,Salix scouleriana,NA,NA,NA,#VALUE!,#VALUE!
Salix serissima,Salix serissima,6,5,7,6,2
Salix vestita,Salix vestita,6,6,9,8,3
Geocaulon lividum,Geocaulon lividum,5,5,7,6,2
Acer glabrum,Acer glabrum,5,5,7,6,2
Acer negundo,Acer negundo,5,4,6,5,2
Heuchera cylindrica,Heuchera cylindrica,6,6,10,9,4
Heuchera parvifolia,Heuchera parvifolia,6,5,8,7,3
Heuchera richardsonii,Heuchera richardsonii,7,6,8,7,2
Leptarrhena pyrolifolia,Leptarrhena pyrolifolia,7,6,9,8,3
Lithophragma parviflorum,Lithophragma parviflorum,NA,6,8,7,2
Micranthes lyallii,Micranthes lyallii,7,6,10,9,4
Micranthes occidentalis,Micranthes occidentalis,6,5,9,8,4
Mitella nuda,Mitella nuda,6,5,10,9,5
Saxifraga adscendens,Saxifraga adscendens,NA,NA,NA,#VALUE!,#VALUE!
Saxifraga bronchialis,Saxifraga bronchialis,7,5,10,9,5
Saxifraga cernua,Saxifraga cernua,6,6,9,8,3
Saxifraga cespitosa,Saxifraga cespitosa,6,6,9,8,3
Suksdorfia violacea,Suksdorfia violacea,NA,NA,NA,#VALUE!,#VALUE!
Tiarella trifoliata,Tiarella trifoliata,7,6,10,9,4
Selaginella densa,Selaginella densa,NA,NA,NA,#VALUE!,#VALUE!
Selaginella selaginoides,Selaginella selaginoides,NA,NA,NA,#VALUE!,#VALUE!
Selaginella wallacei,Selaginella wallacei,NA,NA,NA,#VALUE!,#VALUE!
Solanum triflorum,Solanum triflorum,7,6,9,8,3
Triantha glutinosa,Triantha glutinosa,7,6,9,8,3
Sparganium angustifolium,Sparganium angustifolium,NA,6,8,7,2
Sparganium eurycarpum,Sparganium eurycarpum,6,6,8,7,2
Sparganium natans,Sparganium natans,NA,NA,NA,#VALUE!,#VALUE!
Typha latifolia,Typha latifolia,NA,6,8,7,2
Urtica dioica,Urtica dioica,NA,NA,NA,#VALUE!,#VALUE!
Verbena bracteata,Verbena bracteata,7,6,11,10,5
Sambucus racemosa,Sambucus racemosa,6,5,8,7,3
Viburnum edule,Viburnum edule,6,5,9,8,4
Viburnum opulus,Viburnum opulus,6,5,8,7,3
Viola adunca,Viola adunca,6,4,10,9,6
Viola canadensis,Viola canadensis,6,5,11,10,6
Viola glabella,Viola glabella,6,5,8,7,3
Viola nephrophylla,Viola nephrophylla,NA,5,8,7,3
Viola nuttallii,Viola nuttallii,5,4,7,6,3
Viola orbiculata,Viola orbiculata,6,5,10,9,5
Viola vallicola,Viola vallicola,NA,4,7,6,3
Arceuthobium americanum,Arceuthobium americanum,NA,5,7,6,2
Equisetum x ferrissii,Equisetum x ferrissii,NA,NA,NA,#VALUE!,#VALUE!
Polygonum aviculare,Polygonum aviculare,9,7,11,10,4
Andromeda polifolia,Andromedapolifolia,NA,5,7,6,2
Corylus cornuta,Coryluscornuta,NA,4,6,5,2
Mahonia repens,Mahoniarepens,NA,6,7,6,1
Maianthemum canadense,Maianthemumcanadense,NA,6,8,7,2
Perideridia gairdneri,Perideridiagairdneri,7,7,8,7,1
Krascheninnikovia lanata,Krascheninnikovia lanata,6,5,8,9,4
Atriplex gardneri,Atriplex gardneri,6,5,9,8,4
