source_taxon_name,interaction_type,target_taxon_name,target_taxon,latitude,longitude,place,study_citation
Agropyron cristatum,flowersVisitedBy,Auloara elliotti,species,,,USA,USDA. Species: Agropyron cristatum. Fire Effects Information System (FEIS). [accessed 2025 May 12]. https://www.fs.usda.gov/database/feis/plants/graminoid/agrcri/all.html.
Agropyron cristatum,flowersVisitedBy,Acridomorpha,nanorder,,,USA,USDA. Species: Agropyron cristatum. Fire Effects Information System (FEIS). [accessed 2025 May 12]. https://www.fs.usda.gov/database/feis/plants/graminoid/agrcri/all.html.
Agropyron cristatum,flowersVisitedBy,Cicadellidae,family,,,USA,"Haws, B. Austin; Bohart, George E. 1986. Black grass bugs (Labops herperius) Uhler (Hemiptera: Miridae) and other insects in relation to crested wheatgrass. In: Johnson, Kendall L., ed. Crested wheatgrass: its values, problems and myths: Symposium proceedings; 1983 Oct. 3-7; Logan, UT. Logan, UT: Utah State University; 1986: 123-145. [1107]"
Agropyron cristatum,flowersVisitedBy,Elateridae,family,,,USA,"Haws, B. Austin; Bohart, George E. 1986. Black grass bugs (Labops herperius) Uhler (Hemiptera: Miridae) and other insects in relation to crested wheatgrass. In: Johnson, Kendall L., ed. Crested wheatgrass: its values, problems and myths: Symposium proceedings; 1983 Oct. 3-7; Logan, UT. Logan, UT: Utah State University; 1986: 123-145. [1107]"
Agropyron cristatum,flowersVisitedBy,Scarabaeidae,family,,,USA,"Haws, B. Austin; Bohart, George E. 1986. Black grass bugs (Labops herperius) Uhler (Hemiptera: Miridae) and other insects in relation to crested wheatgrass. In: Johnson, Kendall L., ed. Crested wheatgrass: its values, problems and myths: Symposium proceedings; 1983 Oct. 3-7; Logan, UT. Logan, UT: Utah State University; 1986: 123-145. [1107]"
Agropyron cristatum,flowersVisitedBy,Sphenophorus,genus,,,USA,"Haws, B. Austin; Bohart, George E. 1986. Black grass bugs (Labops herperius) Uhler (Hemiptera: Miridae) and other insects in relation to crested wheatgrass. In: Johnson, Kendall L., ed. Crested wheatgrass: its values, problems and myths: Symposium proceedings; 1983 Oct. 3-7; Logan, UT. Logan, UT: Utah State University; 1986: 123-145. [1107]"
Agropyron cristatum,flowersVisitedBy,Ageneotettix deorum),species,,,USA,"Branson, David H., and Gregory A. Sword. “Grasshopper Herbivory Affects Native Plant Diversity and Abundance in a Grassland Dominated by the Exotic Grass Agropyron Cristatum.” Restoration Ecology, vol. 17, no. 1, 2009, pp. 89–96, https://doi.org/10.1111/j.1526-100X.2007.00343.x."
Agropyron cristatum,flowersVisitedBy,Melanoplus infantilis,species,,,USA,"Branson, David H., and Gregory A. Sword. “Grasshopper Herbivory Affects Native Plant Diversity and Abundance in a Grassland Dominated by the Exotic Grass Agropyron Cristatum.” Restoration Ecology, vol. 17, no. 1, 2009, pp. 89–96, https://doi.org/10.1111/j.1526-100X.2007.00343.x."
Agropyron cristatum,flowersVisitedBy,Melanoplus sanguinipes,species,,,USA,"Branson, David H., and Gregory A. Sword. “Grasshopper Herbivory Affects Native Plant Diversity and Abundance in a Grassland Dominated by the Exotic Grass Agropyron Cristatum.” Restoration Ecology, vol. 17, no. 1, 2009, pp. 89–96, https://doi.org/10.1111/j.1526-100X.2007.00343.x."
Agropyron cristatum,flowersVisitedBy,Psilochalcis minuta,species,,,USA,"Petersen, Mark J., et al. “Seasonal Trap Abundance of Two Species of Psilochalcis Kieffer (Hymenoptera: Chalcididae) in Rangelands of the Eastern Great Basin of Utah, USA.” Land (Basel), vol. 12, no. 1, 2023, pp. 54-, https://doi.org/10.3390/land12010054."
Agropyron cristatum,flowersVisitedBy,Psilochalcis quadratis,species,,,USA,"Petersen, Mark J., et al. “Seasonal Trap Abundance of Two Species of Psilochalcis Kieffer (Hymenoptera: Chalcididae) in Rangelands of the Eastern Great Basin of Utah, USA.” Land (Basel), vol. 12, no. 1, 2023, pp. 54-, https://doi.org/10.3390/land12010054."
Agropyron cristatum,flowersVisitedBy,Melanoplus sanguinipes,species,,,USA,"O’Neill, Kevin M., et al. “Effects of Livestock Grazing on Grasshopper Abundance on a Native Rangeland in Montana.” Environmental Entomology, vol. 39, no. 3, 2010, pp. 775–86, https://doi.org/10.1603/EN09173."
Agropyron cristatum,flowersVisitedBy,Melanoplus gladstoni,species,,,USA,"O’Neill, Kevin M., et al. “Effects of Livestock Grazing on Grasshopper Abundance on a Native Rangeland in Montana.” Environmental Entomology, vol. 39, no. 3, 2010, pp. 775–86, https://doi.org/10.1603/EN09173."
Agropyron cristatum,flowersVisitedBy,Camnula pellucida,species,,,USA,"O’Neill, Kevin M., et al. “Effects of Livestock Grazing on Grasshopper Abundance on a Native Rangeland in Montana.” Environmental Entomology, vol. 39, no. 3, 2010, pp. 775–86, https://doi.org/10.1603/EN09173."
Agropyron cristatum,flowersVisitedBy,Amphitornis coloradus,species,,,USA,"O’Neill, Kevin M., et al. “Effects of Livestock Grazing on Grasshopper Abundance on a Native Rangeland in Montana.” Environmental Entomology, vol. 39, no. 3, 2010, pp. 775–86, https://doi.org/10.1603/EN09173."
Agropyron cristatum,flowersVisitedBy,Melanoplus dawsoni,species,,,USA,"O’Neill, Kevin M., et al. “Effects of Livestock Grazing on Grasshopper Abundance on a Native Rangeland in Montana.” Environmental Entomology, vol. 39, no. 3, 2010, pp. 775–86, https://doi.org/10.1603/EN09173."
Agropyron cristatum,flowersVisitedBy,Melanoplus infantilis,species,,,USA,"O’Neill, Kevin M., et al. “Effects of Livestock Grazing on Grasshopper Abundance on a Native Rangeland in Montana.” Environmental Entomology, vol. 39, no. 3, 2010, pp. 775–86, https://doi.org/10.1603/EN09173."
Agropyron cristatum,flowersVisitedBy,Labops,genus,,,USA,"O’Neill, Kevin M., et al. “Impact of Livestock Grazing on Abundance of Miridae and Reduviidae (Hemiptera) in Crested Wheatgrass Pastures.” Journal of Economic Entomology, vol. 101, no. 2, 2008, pp. 309–13, https://doi.org/10.1603/0022-0493%282008%29101%5B309%3AIOLGOA%5D2.0.CO%3B2."
Agropyron cristatum,flowersVisitedBy,Irbisia,genus,,,USA,"O’Neill, Kevin M., et al. “Impact of Livestock Grazing on Abundance of Miridae and Reduviidae (Hemiptera) in Crested Wheatgrass Pastures.” Journal of Economic Entomology, vol. 101, no. 2, 2008, pp. 309–13, https://doi.org/10.1603/0022-0493%282008%29101%5B309%3AIOLGOA%5D2.0.CO%3B2."
Agropyron cristatum,flowersVisitedBy,Sinea diadema,species,,,USA,"O’Neill, Kevin M., et al. “Impact of Livestock Grazing on Abundance of Miridae and Reduviidae (Hemiptera) in Crested Wheatgrass Pastures.” Journal of Economic Entomology, vol. 101, no. 2, 2008, pp. 309–13, https://doi.org/10.1603/0022-0493%282008%29101%5B309%3AIOLGOA%5D2.0.CO%3B2."
Agropyron cristatum,flowersVisitedBy,Zelus tetracanthus,species,,,USA,"O’Neill, Kevin M., et al. “Impact of Livestock Grazing on Abundance of Miridae and Reduviidae (Hemiptera) in Crested Wheatgrass Pastures.” Journal of Economic Entomology, vol. 101, no. 2, 2008, pp. 309–13, https://doi.org/10.1603/0022-0493%282008%29101%5B309%3AIOLGOA%5D2.0.CO%3B2."
Agropyron cristatum,flowersVisitedBy,Labops hesperius,species,,,USA,"O’Neill, Kevin M., et al. “Impact of Livestock Grazing on Abundance of Miridae and Reduviidae (Hemiptera) in Crested Wheatgrass Pastures.” Journal of Economic Entomology, vol. 101, no. 2, 2008, pp. 309–13, https://doi.org/10.1603/0022-0493%282008%29101%5B309%3AIOLGOA%5D2.0.CO%3B2."
Agropyron cristatum,flowersVisitedBy,Capsus,genus,,,USA,"O’Neill, Kevin M., et al. “Impact of Livestock Grazing on Abundance of Miridae and Reduviidae (Hemiptera) in Crested Wheatgrass Pastures.” Journal of Economic Entomology, vol. 101, no. 2, 2008, pp. 309–13, https://doi.org/10.1603/0022-0493%282008%29101%5B309%3AIOLGOA%5D2.0.CO%3B2."
Agropyron cristatum,flowersVisitedBy,Melanoplus infantilis,species,,,USA,"Johnson, Daniel L. “The Effects of Timing and Frequency of Application of Nosema Locustae (Microspora: Microsporida) on the Infection Rate and Activity of Grasshoppers (Orthoptera: Acrididae).” Journal of Invertebrate Pathology, vol. 54, no. 3, 1989, pp. 353–62, https://doi.org/10.1016/0022-2011(89)90119-5."
Agropyron cristatum,flowersVisitedBy,Camnula pellucida,species,,,USA,"Johnson, Daniel L. “The Effects of Timing and Frequency of Application of Nosema Locustae (Microspora: Microsporida) on the Infection Rate and Activity of Grasshoppers (Orthoptera: Acrididae).” Journal of Invertebrate Pathology, vol. 54, no. 3, 1989, pp. 353–62, https://doi.org/10.1016/0022-2011(89)90119-5."
Agropyron cristatum,flowersVisitedBy,Melanoplus sanguinipes,species,,,USA,"Johnson, Daniel L. “The Effects of Timing and Frequency of Application of Nosema Locustae (Microspora: Microsporida) on the Infection Rate and Activity of Grasshoppers (Orthoptera: Acrididae).” Journal of Invertebrate Pathology, vol. 54, no. 3, 1989, pp. 353–62, https://doi.org/10.1016/0022-2011(89)90119-5."
Agropyron cristatum,flowersVisitedBy,Aulocara Elliotti ,species,,,"Montana, USA","Fisher, J. R. (USDA. “Location of Egg Pods of Aulocara Elliotti (Orthoptera:Acrididae) in a Field of Crested Wheatgrass in Montana.” Journal of the Kansas Entomological Society, vol. 65, no. 4, 1992, pp. 416–20."
Agropyron cristatum,flowersVisitedBy,Labops hesperius,species,,,USA,"“Screening Range Grasses for Resistance to Black Grass Bugs Labops Hesperius and Irbisia Pacifica (Hemiptera: Miridae).” Journal of Range Management, 1985, https://doi.org/10.2307/3898979."
Agropyron cristatum,flowersVisitedBy,Irbisia pacifica,species,,,USA,"“Screening Range Grasses for Resistance to Black Grass Bugs Labops Hesperius and Irbisia Pacifica (Hemiptera: Miridae).” Journal of Range Management, 1985, https://doi.org/10.2307/3898979."
Agropyron cristatum,flowersVisitedBy,Chrysoperla carnea ,species,,,"Utah, USA","Clark, T. L. (Utah State University, and F. J. Messina. “Foraging Behavior of Lacewing Larvae (Neuroptera: Chrysopidae) on Plants with Divergent Architectures.” Journal of Insect Behavior, vol. 11, no. 3, 1998, pp. 303–17, https://doi.org/10.1023/a:1020979112407."
Agropyron cristatum,flowersVisitedBy,Irbisia pacifica,species,,,USA,"Nowak, Robert S., et al. “EFFECTS OF GRASS BUG FEEDING AND DROUGHT STRESS ON SELECTED LINES OF CRESTED WHEATGRASS.” Western North American Naturalist, vol. 63, no. 2, 2003, pp. 167–77."
Agropyron cristatum,flowersVisitedBy,Amphitornis coloradus,species,,,"Utah, USA","Fielding DJ, Brusven MA. GRASSHOPPER COMMUNITY RESPONSES TO SHRUB LOSS, ANNUAL GRASSLANDS, AND CRESTED WHEATGRASS SEEDINGS: MANAGEMENT. InProceedings--ecology and Management of Annual Rangelands 1994 (Vol. 313, p. 162). United States Department of Agriculture, Forest Service, Intermountain Research Station."
Agropyron cristatum,flowersVisitedBy,Aulocara elliotti ,species,,,"Utah, USA","Fielding DJ, Brusven MA. GRASSHOPPER COMMUNITY RESPONSES TO SHRUB LOSS, ANNUAL GRASSLANDS, AND CRESTED WHEATGRASS SEEDINGS: MANAGEMENT. InProceedings--ecology and Management of Annual Rangelands 1994 (Vol. 313, p. 162). United States Department of Agriculture, Forest Service, Intermountain Research Station."
Agropyron cristatum,flowersVisitedBy,Cratypedes neglectus,species,,,"Utah, USA","Fielding DJ, Brusven MA. GRASSHOPPER COMMUNITY RESPONSES TO SHRUB LOSS, ANNUAL GRASSLANDS, AND CRESTED WHEATGRASS SEEDINGS: MANAGEMENT. InProceedings--ecology and Management of Annual Rangelands 1994 (Vol. 313, p. 162). United States Department of Agriculture, Forest Service, Intermountain Research Station."
Agropyron cristatum,flowersVisitedBy,Melanoplus sanguinipes,species,,,"Utah, USA","Fielding DJ, Brusven MA. GRASSHOPPER COMMUNITY RESPONSES TO SHRUB LOSS, ANNUAL GRASSLANDS, AND CRESTED WHEATGRASS SEEDINGS: MANAGEMENT. InProceedings--ecology and Management of Annual Rangelands 1994 (Vol. 313, p. 162). United States Department of Agriculture, Forest Service, Intermountain Research Station."
Agropyron cristatum,flowersVisitedBy,Oedaleonotus enigma,species,,,"Utah, USA","Fielding DJ, Brusven MA. GRASSHOPPER COMMUNITY RESPONSES TO SHRUB LOSS, ANNUAL GRASSLANDS, AND CRESTED WHEATGRASS SEEDINGS: MANAGEMENT. InProceedings--ecology and Management of Annual Rangelands 1994 (Vol. 313, p. 162). United States Department of Agriculture, Forest Service, Intermountain Research Station."
Agropyron cristatum,flowersVisitedBy,Spharagemon equale,species,,,"Utah, USA","Fielding DJ, Brusven MA. GRASSHOPPER COMMUNITY RESPONSES TO SHRUB LOSS, ANNUAL GRASSLANDS, AND CRESTED WHEATGRASS SEEDINGS: MANAGEMENT. InProceedings--ecology and Management of Annual Rangelands 1994 (Vol. 313, p. 162). United States Department of Agriculture, Forest Service, Intermountain Research Station."
Agropyron cristatum,flowersVisitedBy,Aulocara Elliotti ,species,,,NA,Quiroz D. 2015. Agropyron cristatum (crested wheatgrass). CABI Compendium. CABI Compendium:3723. doi:10.1079/cabicompendium.3723.
Agropyron cristatum,flowersVisitedBy,Irbisia brachycera,species,,,NA,Quiroz D. 2015. Agropyron cristatum (crested wheatgrass). CABI Compendium. CABI Compendium:3723. doi:10.1079/cabicompendium.3723.
Agropyron cristatum,flowersVisitedBy,Labops hesperius,species,,,NA,Quiroz D. 2015. Agropyron cristatum (crested wheatgrass). CABI Compendium. CABI Compendium:3723. doi:10.1079/cabicompendium.3723.
Agropyron cristatum,flowersVisitedBy,Tanymecus dilaticollis,species,,,NA,Quiroz D. 2015. Agropyron cristatum (crested wheatgrass). CABI Compendium. CABI Compendium:3723. doi:10.1079/cabicompendium.3723.
Agropyron cristatum,flowersVisitedBy,Cicadellidae,family,,,NA,Quiroz D. 2015. Agropyron cristatum (crested wheatgrass). CABI Compendium. CABI Compendium:3723. doi:10.1079/cabicompendium.3723.
Agropyron cristatum,flowersVisitedBy,Scarabaeoidea,superfamily,,,NA,Quiroz D. 2015. Agropyron cristatum (crested wheatgrass). CABI Compendium. CABI Compendium:3723. doi:10.1079/cabicompendium.3723.
Agropyron cristatum,flowersVisitedBy,Elateridae,family,,,NA,Quiroz D. 2015. Agropyron cristatum (crested wheatgrass). CABI Compendium. CABI Compendium:3723. doi:10.1079/cabicompendium.3723.
Agropyron cristatum,flowersVisitedBy,Curculionidae,family,,,NA,Quiroz D. 2015. Agropyron cristatum (crested wheatgrass). CABI Compendium. CABI Compendium:3723. doi:10.1079/cabicompendium.3723.
Anemone multifida,flowersVisitedBy,Misumenops pallidus ,species,,,Patagonia,"Gavini SS, Quintero C, Tadey M. 2019. Ecological role of a flower-dwelling predator in a tri-trophic interaction in northwestern Patagonia. Acta Oecologica. 95:100–107. doi:10.1016/j.actao.2018.12.001."
Anemone multifida,flowersVisitedBy,Ruizantheda mutabilis,species,,,Patagonia,"Gavini SS, Quintero C, Tadey M. 2019. Ecological role of a flower-dwelling predator in a tri-trophic interaction in northwestern Patagonia. Acta Oecologica. 95:100–107. doi:10.1016/j.actao.2018.12.001."
Anemone multifida,flowersVisitedBy,Diptera,order,,,Patagonia,"Gavini SS, Quintero C, Tadey M. 2019. Ecological role of a flower-dwelling predator in a tri-trophic interaction in northwestern Patagonia. Acta Oecologica. 95:100–107. doi:10.1016/j.actao.2018.12.001."
Anemone multifida,flowersVisitedBy,Hymenoptera,order,,,Patagonia,"Gavini SS, Quintero C, Tadey M. 2019. Ecological role of a flower-dwelling predator in a tri-trophic interaction in northwestern Patagonia. Acta Oecologica. 95:100–107. doi:10.1016/j.actao.2018.12.001."
Anemone multifida,flowersVisitedBy,Coleoptera,order,,,Patagonia,"Gavini SS, Quintero C, Tadey M. 2019. Ecological role of a flower-dwelling predator in a tri-trophic interaction in northwestern Patagonia. Acta Oecologica. 95:100–107. doi:10.1016/j.actao.2018.12.001."
Anemone multifida,flowersVisitedBy,Lepidoptera,order,,,Patagonia,"Gavini SS, Quintero C, Tadey M. 2019. Ecological role of a flower-dwelling predator in a tri-trophic interaction in northwestern Patagonia. Acta Oecologica. 95:100–107. doi:10.1016/j.actao.2018.12.001."
Anemone multifida,flowersVisitedBy,Bibionidae,family,,,Patagonia,"Gavini SS, Quintero C, Tadey M. 2019. Ecological role of a flower-dwelling predator in a tri-trophic interaction in northwestern Patagonia. Acta Oecologica. 95:100–107. doi:10.1016/j.actao.2018.12.001."
Anemone multifida,flowersVisitedBy,Syrphidae,family,,,Patagonia,"Gavini SS, Quintero C, Tadey M. 2019. Ecological role of a flower-dwelling predator in a tri-trophic interaction in northwestern Patagonia. Acta Oecologica. 95:100–107. doi:10.1016/j.actao.2018.12.001."
Anemone multifida,flowersVisitedBy,Syrphus,genus,,,Patagonia,"Gavini SS, Quintero C, Tadey M. 2019. Ecological role of a flower-dwelling predator in a tri-trophic interaction in northwestern Patagonia. Acta Oecologica. 95:100–107. doi:10.1016/j.actao.2018.12.001."
Anemone multifida,flowersVisitedBy,Scaeva occidentalis,species,,,Patagonia,"Gavini SS, Quintero C, Tadey M. 2019. Ecological role of a flower-dwelling predator in a tri-trophic interaction in northwestern Patagonia. Acta Oecologica. 95:100–107. doi:10.1016/j.actao.2018.12.001."
Anemone multifida,flowersVisitedBy,Manuelia,genus,,,Patagonia,"Gavini SS, Quintero C, Tadey M. 2019. Ecological role of a flower-dwelling predator in a tri-trophic interaction in northwestern Patagonia. Acta Oecologica. 95:100–107. doi:10.1016/j.actao.2018.12.001."
Anemone multifida,flowersVisitedBy,Dilophus,genus,,,Patagonia,"Gavini SS, Quintero C, Tadey M. 2019. Ecological role of a flower-dwelling predator in a tri-trophic interaction in northwestern Patagonia. Acta Oecologica. 95:100–107. doi:10.1016/j.actao.2018.12.001."
Anemone multifida,flowersVisitedBy,Toxomerus vertebratus,species,,,Patagonia,"Gavini SS, Quintero C, Tadey M. 2019. Ecological role of a flower-dwelling predator in a tri-trophic interaction in northwestern Patagonia. Acta Oecologica. 95:100–107. doi:10.1016/j.actao.2018.12.001."
Anemone multifida,flowersVisitedBy,Allograpta,genus,,,Patagonia,"Gavini SS, Quintero C, Tadey M. 2019. Ecological role of a flower-dwelling predator in a tri-trophic interaction in northwestern Patagonia. Acta Oecologica. 95:100–107. doi:10.1016/j.actao.2018.12.001."
Anemone multifida,flowersVisitedBy,Ruizantheda proxima,species,,,Patagonia,"Gavini SS, Quintero C, Tadey M. 2019. Ecological role of a flower-dwelling predator in a tri-trophic interaction in northwestern Patagonia. Acta Oecologica. 95:100–107. doi:10.1016/j.actao.2018.12.001."
Anemone multifida,flowersVisitedBy,Arthrobrachus,genus,,,Patagonia,"Gavini SS, Quintero C, Tadey M. 2019. Ecological role of a flower-dwelling predator in a tri-trophic interaction in northwestern Patagonia. Acta Oecologica. 95:100–107. doi:10.1016/j.actao.2018.12.001."
Anemone multifida,flowersVisitedBy,Mordella,genus,,,Patagonia,"Gavini SS, Quintero C, Tadey M. 2019. Ecological role of a flower-dwelling predator in a tri-trophic interaction in northwestern Patagonia. Acta Oecologica. 95:100–107. doi:10.1016/j.actao.2018.12.001."
Anemone multifida,flowersVisitedBy,Amecocerus,genus,,,Patagonia,"Gavini SS, Quintero C, Tadey M. 2019. Ecological role of a flower-dwelling predator in a tri-trophic interaction in northwestern Patagonia. Acta Oecologica. 95:100–107. doi:10.1016/j.actao.2018.12.001."
Anemone multifida,flowersVisitedBy,Colias lesbia,species,,,Patagonia,"Gavini SS, Quintero C, Tadey M. 2019. Ecological role of a flower-dwelling predator in a tri-trophic interaction in northwestern Patagonia. Acta Oecologica. 95:100–107. doi:10.1016/j.actao.2018.12.001."
Anemone multifida,flowersVisitedBy,Tatochila mercedis,species,,,Patagonia,"Gavini SS, Quintero C, Tadey M. 2019. Ecological role of a flower-dwelling predator in a tri-trophic interaction in northwestern Patagonia. Acta Oecologica. 95:100–107. doi:10.1016/j.actao.2018.12.001."
Anemone multifida,flowersVisitedBy,Heriades carinatus,species,,,USA,"LaManna JA, Burkle LA, Belote RT, Myers JA. 2021. Biotic and abiotic drivers of plant–pollinator community assembly across wildfire gradients. Journal of Ecology. 109(2):1000–1013. doi:10.1111/1365-2745.13530."
Anemone multifida,flowersVisitedBy,Nomada edwardsii,species,,,USA,"LaManna JA, Burkle LA, Belote RT, Myers JA. 2021. Biotic and abiotic drivers of plant–pollinator community assembly across wildfire gradients. Journal of Ecology. 109(2):1000–1013. doi:10.1111/1365-2745.13530."
Anemone multifida,flowersVisitedBy,Osmia inermis ,species,,,USA,"LaManna JA, Burkle LA, Belote RT, Myers JA. 2021. Biotic and abiotic drivers of plant–pollinator community assembly across wildfire gradients. Journal of Ecology. 109(2):1000–1013. doi:10.1111/1365-2745.13530."
Anemone multifida,flowersVisitedBy,Osmia densa,species,,,USA,"LaManna JA, Burkle LA, Belote RT, Myers JA. 2021. Biotic and abiotic drivers of plant–pollinator community assembly across wildfire gradients. Journal of Ecology. 109(2):1000–1013. doi:10.1111/1365-2745.13530."
Anemone multifida,flowersVisitedBy,Stelis permaculata,species,,,USA,"LaManna JA, Burkle LA, Belote RT, Myers JA. 2021. Biotic and abiotic drivers of plant–pollinator community assembly across wildfire gradients. Journal of Ecology. 109(2):1000–1013. doi:10.1111/1365-2745.13530."
Bouteloua gracilis,flowersVisitedBy,Ageneotettix deorum,species,,,USA,"Joern, A., and S. Mole. “Plant Stress Hypothesis and Variable Responses by Blue Grama Grass (Bouteloua Gracilis) to Water, Mineral Nitrogen, and Insect Herbivory.” Journal of Chemical Ecology, vol. 31, no. 9, 2005, pp. 2069–90, https://doi.org/10.1007/s10886-005-6078-3."
Bouteloua gracilis,flowersVisitedBy,Phoetaliotes nebrascensis,species,,,USA,"Joern, A., and S. Mole. “Plant Stress Hypothesis and Variable Responses by Blue Grama Grass (Bouteloua Gracilis) to Water, Mineral Nitrogen, and Insect Herbivory.” Journal of Chemical Ecology, vol. 31, no. 9, 2005, pp. 2069–90, https://doi.org/10.1007/s10886-005-6078-3."
Bouteloua gracilis,flowersVisitedBy, Photaliotes nebrascens,species,,,USA,"Holmes, Robert D., and Karen Jepson-Innes. “A Neighborhood Analysis of Herbivory in Bouteloua Gracilis.” Ecology (Durham), vol. 70, no. 4, 1989, pp. 971–76, https://doi.org/10.2307/1941364."
Bouteloua gracilis,flowersVisitedBy,Opeia obscura ,species,,,USA,"Holmes, Robert D., and Karen Jepson-Innes. “A Neighborhood Analysis of Herbivory in Bouteloua Gracilis.” Ecology (Durham), vol. 70, no. 4, 1989, pp. 971–76, https://doi.org/10.2307/1941364."
Bouteloua gracilis,flowersVisitedBy,Psoloessa texana,species,,,USA,"Rominger, Andrew J., et al. “Relative Contributions of Neutral and Niche-Based Processes to the Structure of a Desert Grassland Grasshopper Community.” Oecologia, vol. 161, no. 4, 2009, pp. 791–800, https://doi.org/10.1007/s00442-009-1420-z."
Bouteloua gracilis,flowersVisitedBy,Psoloessa delicatula,species,,,USA,"Rominger, Andrew J., et al. “Relative Contributions of Neutral and Niche-Based Processes to the Structure of a Desert Grassland Grasshopper Community.” Oecologia, vol. 161, no. 4, 2009, pp. 791–800, https://doi.org/10.1007/s00442-009-1420-z."
Bouteloua gracilis,flowersVisitedBy,,,,,USA,"Norton, Andrew P., et al. “Herbivory and Novel Weapons: No Evidence for Enhanced Competitive Ability or Allelopathy Induction of Centaurea Diffusa by Biological Controls.” Biological Invasions, vol. 10, no. 1, 2008, pp. 79–88, https://doi.org/10.1007/s10530-007-9111-3."
Bouteloua gracilis,flowersVisitedBy,Hemileuca Oliviae,species,,,USA,"RILEY, S. L., et al. “Consumption and Utilization of Blue Grama Grass, Bouteloua Gracilis, by Range Caterpillar Larvae, Hemileuca Oliviae (Lepidoptera:Saturniidae).” Environmental Entomology, vol. 13, no. 1, 1984, pp. 29–35."
Bouteloua gracilis,flowersVisitedBy,Phyllophaga fimbripes,species,,,USA,"Coffin, D. P., et al. “Disturbance Intensity and Above- and Belowground Herbivory Effects on Long-Term (14y) Recovery of a Semiarid Grassland.” Plant Ecology, vol. 139, no. 2, 1998, pp. 221–33, https://doi.org/10.1023/A:1009789017151."
Bouteloua gracilis,flowersVisitedBy,Holotrichia ,genus,,,USA,"Coffin, D. P., et al. “Disturbance Intensity and Above- and Belowground Herbivory Effects on Long-Term (14y) Recovery of a Semiarid Grassland.” Plant Ecology, vol. 139, no. 2, 1998, pp. 221–33, https://doi.org/10.1023/A:1009789017151."
Bouteloua gracilis,flowersVisitedBy,,,,,USA,"Ingham, Russell E., and James K. Detling. “Effects of Carbofuran on Growth, Biomass Allocation, and Intraspecific Competition in Bouteloua Gracilis.” Journal of Environmental Science and Health. Part B, Pesticides, Food Contaminants, and Agricultural Wastes, vol. 17, no. 5, 1982, pp. 541–48, https://doi.org/10.1080/03601238209372340."
Bouteloua gracilis,flowersVisitedBy,,,,,USA,"O’Neill, Kevin M., et al. “NATURAL ENEMY ASSEMBLAGES ON NATIVE AND RESEEDED GRASSLANDS IN SOUTHWESTERN MONTANA: A FAMILY-LEVEL ANALYSIS.” Western North American Naturalist, vol. 61, no. 2, 2001, pp. 195–203."
Bouteloua gracilis,flowersVisitedBy,,,,,USA,"Carlson, S. R. (New Mexico State University, and W. G. Whiteford. “Ant Mound Influence on Vegetation and Soils in a Semiarid Mountain Ecosystem.” The American Midland Naturalist, vol. 126, no. 1, 1991, pp. 125–39, https://doi.org/10.2307/2426157."
Bouteloua gracilis,flowersVisitedBy,Melanoplus sanguinipe,,,,USA,"Dyer, M. I., and U. G. Bokhari. “Plant-Animal Interactions: Studies of the Effects of Grasshopper Grazing on Blue Grama Grass.” Ecology (Durham), vol. 57, no. 4, 1976, pp. 762–72, https://doi.org/10.2307/1936189."
Bouteloua gracilis,flowersVisitedBy,Pogonomyrmex occidentals,,,,USA,"Uhey, Derek A., et al. “Increased Cover of Native and Exotic Plants on the Rims of Harvester Ant (Hymenoptera: Formicidae) Nests under Grazing and Drought.” Environmental Entomology, vol. 53, no. 1, 2024, pp. 180–87, https://doi.org/10.1093/ee/nvad113."
Bouteloua gracilis,flowersVisitedBy,Pogonomyrmex rugosus,,,,USA,"Uhey, Derek A., et al. “Increased Cover of Native and Exotic Plants on the Rims of Harvester Ant (Hymenoptera: Formicidae) Nests under Grazing and Drought.” Environmental Entomology, vol. 53, no. 1, 2024, pp. 180–87, https://doi.org/10.1093/ee/nvad113."
Euphorbia virgata,flowersVisitedBy,Brachycera,suborder,,,Austria,"Asenbaum J, Schäffler I, Etl F, Dötterl S, Schönenberger J, Chartier M. 2021. Comparative Pollination Ecology of Five European Euphorbia Species. International Journal of Plant Sciences. 182(9):763–777. doi:10.1086/715759. [accessed 2025 May 12]. https://www.journals.uchicago.edu/doi/10.1086/715759."
Euphorbia virgata,flowersVisitedBy,Formicidae,family,,,Austria,"Asenbaum J, Schäffler I, Etl F, Dötterl S, Schönenberger J, Chartier M. 2021. Comparative Pollination Ecology of Five European Euphorbia Species. International Journal of Plant Sciences. 182(9):763–777. doi:10.1086/715759. [accessed 2025 May 12]. https://www.journals.uchicago.edu/doi/10.1086/715759."
Euphorbia virgata,flowersVisitedBy,Apocrita,suborder,,,Austria,"Asenbaum J, Schäffler I, Etl F, Dötterl S, Schönenberger J, Chartier M. 2021. Comparative Pollination Ecology of Five European Euphorbia Species. International Journal of Plant Sciences. 182(9):763–777. doi:10.1086/715759. [accessed 2025 May 12]. https://www.journals.uchicago.edu/doi/10.1086/715759."
Euphorbia virgata,flowersVisitedBy,Platystoma seminationis,species,,,Austria,"Asenbaum J, Schäffler I, Etl F, Dötterl S, Schönenberger J, Chartier M. 2021. Comparative Pollination Ecology of Five European Euphorbia Species. International Journal of Plant Sciences. 182(9):763–777. doi:10.1086/715759. [accessed 2025 May 12]. https://www.journals.uchicago.edu/doi/10.1086/715759."
Euphorbia virgata,flowersVisitedBy,Staphylinidae ,family,,,Austria,"Asenbaum J, Schäffler I, Etl F, Dötterl S, Schönenberger J, Chartier M. 2021. Comparative Pollination Ecology of Five European Euphorbia Species. International Journal of Plant Sciences. 182(9):763–777. doi:10.1086/715759. [accessed 2025 May 12]. https://www.journals.uchicago.edu/doi/10.1086/715759."
Euphorbia virgata,flowersVisitedBy,Mordellidae,family,,,Austria,"Asenbaum J, Schäffler I, Etl F, Dötterl S, Schönenberger J, Chartier M. 2021. Comparative Pollination Ecology of Five European Euphorbia Species. International Journal of Plant Sciences. 182(9):763–777. doi:10.1086/715759. [accessed 2025 May 12]. https://www.journals.uchicago.edu/doi/10.1086/715759."
Euphorbia virgata,flowersVisitedBy,Callicera,genus,,,Austria,"Asenbaum J, Schäffler I, Etl F, Dötterl S, Schönenberger J, Chartier M. 2021. Comparative Pollination Ecology of Five European Euphorbia Species. International Journal of Plant Sciences. 182(9):763–777. doi:10.1086/715759. [accessed 2025 May 12]. https://www.journals.uchicago.edu/doi/10.1086/715759."
Euphorbia virgata,flowersVisitedBy,Collyria coxator,species,,,Austria,"Asenbaum J, Schäffler I, Etl F, Dötterl S, Schönenberger J, Chartier M. 2021. Comparative Pollination Ecology of Five European Euphorbia Species. International Journal of Plant Sciences. 182(9):763–777. doi:10.1086/715759. [accessed 2025 May 12]. https://www.journals.uchicago.edu/doi/10.1086/715759."
Euphorbia virgata,flowersVisitedBy,Sussaba erigator,species,,,Austria,"Asenbaum J, Schäffler I, Etl F, Dötterl S, Schönenberger J, Chartier M. 2021. Comparative Pollination Ecology of Five European Euphorbia Species. International Journal of Plant Sciences. 182(9):763–777. doi:10.1086/715759. [accessed 2025 May 12]. https://www.journals.uchicago.edu/doi/10.1086/715759."
Euphorbia virgata,flowersVisitedBy,Tryphon atriceps,species,,,Austria,"Asenbaum J, Schäffler I, Etl F, Dötterl S, Schönenberger J, Chartier M. 2021. Comparative Pollination Ecology of Five European Euphorbia Species. International Journal of Plant Sciences. 182(9):763–777. doi:10.1086/715759. [accessed 2025 May 12]. https://www.journals.uchicago.edu/doi/10.1086/715759."
Euphorbia virgata,flowersVisitedBy,Tryphon signator ,species,,,Austria,"Asenbaum J, Schäffler I, Etl F, Dötterl S, Schönenberger J, Chartier M. 2021. Comparative Pollination Ecology of Five European Euphorbia Species. International Journal of Plant Sciences. 182(9):763–777. doi:10.1086/715759. [accessed 2025 May 12]. https://www.journals.uchicago.edu/doi/10.1086/715759."
Euphorbia virgata,flowersVisitedBy,Cephus pygmeus,species,,,Austria,"Asenbaum J, Schäffler I, Etl F, Dötterl S, Schönenberger J, Chartier M. 2021. Comparative Pollination Ecology of Five European Euphorbia Species. International Journal of Plant Sciences. 182(9):763–777. doi:10.1086/715759. [accessed 2025 May 12]. https://www.journals.uchicago.edu/doi/10.1086/715759."
Euphorbia virgata,flowersVisitedBy,Hyles euphorbiae,species,,,Hungary,"Pecora P, Dunn PH. 1990. Proceedings of the 7th International Symposium on Biological Control of Weeds. Delfosse ES, editor. Roma: Edigraf."
Euphorbia virgata,flowersVisitedBy,Apis,genus,,,,Global Invasive Species Database (2025) Species profile: Euphorbia esula. Downloaded from http://www.iucngisd.org/gisd/species.php?sc=83 on 13-05-2025.
Euphorbia virgata,flowersVisitedBy,Chamaesphecia astatiformis,species,,,USA,"Winston, R.L., C.B. Randall, B. Blossey, P.W. Tipping, E.C. Lake, and J. Hough-Goldstein. 2017. Field Guide for the Biological Control of Weeds in Eastern North America. USDA Forest Service, Forest Health Technology Enterprise Team, Morgantown, West Virginia. FHTET-2016-04. Retrieved from http://bugwoodcloud.org/resource/pdf/FHTET-2016-04_Biocontrol_Field_Guide.pdf"
Euphorbia virgata,flowersVisitedBy,Chamaesphecia crassicornis,species,,,USA,"Winston, R.L., C.B. Randall, B. Blossey, P.W. Tipping, E.C. Lake, and J. Hough-Goldstein. 2017. Field Guide for the Biological Control of Weeds in Eastern North America. USDA Forest Service, Forest Health Technology Enterprise Team, Morgantown, West Virginia. FHTET-2016-04. Retrieved from http://bugwoodcloud.org/resource/pdf/FHTET-2016-04_Biocontrol_Field_Guide.pdf"
Euphorbia virgata,flowersVisitedBy,Chamaesphecia hungarica,species,,,USA,"Winston, R.L., C.B. Randall, B. Blossey, P.W. Tipping, E.C. Lake, and J. Hough-Goldstein. 2017. Field Guide for the Biological Control of Weeds in Eastern North America. USDA Forest Service, Forest Health Technology Enterprise Team, Morgantown, West Virginia. FHTET-2016-04. Retrieved from http://bugwoodcloud.org/resource/pdf/FHTET-2016-04_Biocontrol_Field_Guide.pdf"
Euphorbia virgata,flowersVisitedBy,Chamaesphecia tenthrediniformis,species,,,USA,"Winston, R.L., C.B. Randall, B. Blossey, P.W. Tipping, E.C. Lake, and J. Hough-Goldstein. 2017. Field Guide for the Biological Control of Weeds in Eastern North America. USDA Forest Service, Forest Health Technology Enterprise Team, Morgantown, West Virginia. FHTET-2016-04. Retrieved from http://bugwoodcloud.org/resource/pdf/FHTET-2016-04_Biocontrol_Field_Guide.pdf"
Hesperostipa comata,flowersVisitedBy,Hesperia leonardus pawnee,subspecies,,,USA,"McCabe, T. L., & R. L. Post. 1977. Skippers (Hesperioidea) of North Dakota: With Additional Records of North Dakota Butterflies and a Butterfly Calendar. North Dakota Insects, Schaefer-Post Series Publ. No. 11, N.D. Agric. Exp. Stn. Publ. No. 714. Department of Entomology and Agricultural Experiment Station, North Dakota State University, Fargo, ND. 70 p. "
Hesperostipa comata,flowersVisitedBy,Satyrinae,subfamily,,,USA,"Colorado Plant Database, Colorado State University Extension, Jefferson County. [accessed 2025 May 13]. https://coloradoplants.jeffco.us/plant/details/493."
Hesperostipa comata,flowersVisitedBy,Hesperiidae,family,,,USA,"Colorado Plant Database, Colorado State University Extension, Jefferson County. [accessed 2025 May 13]. https://coloradoplants.jeffco.us/plant/details/493."
Hesperostipa comata,flowersVisitedBy,Melanoplus sanguinipes,species,,,USA,"Drolet BS, Stuart MA, Derner JD. 2009. Infection of Melanoplus sanguinipes Grasshoppers following Ingestion of Rangeland Plant Species Harboring Vesicular Stomatitis Virus. Appl Environ Microbiol. 75(10):3029–3033. doi:10.1128/AEM.02368-08. [accessed 2025 May 13]. https://www.ncbi.nlm.nih.gov/pmc/articles/PMC2681647/."
Juncus balticus,flowersVisitedBy,Bombus terricola occidentalis ,subspecies,,,Canada,"Pojar, J. (1974). Relation of the reproductive biology of plants to the structure and function of four plant communities (T). University of British Columbia. Retrieved from https://open.library.ubc.ca/collections/ubctheses/831/items/1.0093501"
Juncus balticus,flowersVisitedBy,Dichroplus maculipennis,species,,,Patagonia,"Amadio, M. E., Pietrantuono, A. L., Lozada, M., & Fernández-Arhex, V. (2020). Effect of plant nutritional traits on the diet of grasshoppers in a wetland of Northern Patagonia. International Journal of Pest Management, 67(4), 288–297. https://doi.org/10.1080/09670874.2020.1766156"
Juncus balticus,flowersVisitedBy,Spharagemon collare ,species,,,USA,Juncus balticus (Insect Feeders). [accessed 2025 May 13]. https://www.illinoiswildflowers.info/plant_insects/plants/juncus_balticus.html.
Plantago patagonica,flowersVisitedBy,Grammia geneura ,species,,,USA,"Singer MS, Stireman Iii JO. 2003. Does anti?parasitoid defense explain host?plant selection by a polyphagous caterpillar? Oikos. 100(3):554–562. doi:10.1034/j.1600-0706.2003.11720.x. [accessed 2025 May 20]. https://onlinelibrary.wiley.com/doi/10.1034/j.1600-0706.2003.11720.x."
Plantago patagonica,flowersVisitedBy,Euphydryas editha quino,species,,,USA,"Pratt GF, Emmel JF. 2010. Sites chosen by diapausing or quiescent stage quino checkerspot butterfly, Euphydryas editha quino, (Lepidoptera: Nymphalidae) larvae. J Insect Conserv. 14(2):107–114. doi:10.1007/s10841-009-9229-y. [accessed 2025 May 20]. https://doi.org/10.1007/s10841-009-9229-y."
Plantago patagonica,flowersVisitedBy,Grammia incorrupta ,species,,,USA,"Smilanich AM, Mason PA, Sprung L, Chase TR, Singer MS. 2011. Complex effects of parasitoids on pharmacophagy and diet choice of a polyphagous caterpillar. Oecologia. 165(4):995–1005. doi:10.1007/s00442-010-1803-1. [accessed 2025 May 20]. http://link.springer.com/10.1007/s00442-010-1803-1."
Plantago patagonica,flowersVisitedBy,Bombus pensylvanicus,species,,,Canada,"Colla, S.R. and S. Dumesh. 2010. The bumble bees of southern Ontario: notes on natural history and distribution. Journal of the Entomological Society of Ontario 141:39-68."
Populus balsamifera,flowersVisitedBy,Apoidea,superfamily,,,Canada,Balsam poplar | ontario.ca. [accessed 2025 May 20]. http://www.ontario.ca/page/balsam-poplar.
Populus balsamifera,flowersVisitedBy,Lepidoptera,order,,,USA,BALSAM POPLAR - POPULUS BALSAMIFERA | The UFOR Nursery & Lab. [accessed 2025 May 20]. https://trees.umn.edu/balsam-poplar-populus-balsamifera.
Populus balsamifera,flowersVisitedBy,Limenitis archippus,species,,,USA,Nature’s Notebook: Balsam Poplar. [accessed 2025 May 20]. https://mynpn.usanpn.org/npnapps/species/Populus/balsamifera.
Populus balsamifera,flowersVisitedBy,Apis mellifera,species,,,Germany,"Drescher N, Klein A-M, Schmitt T, Leonhardt SD. 2019. A clue on bee glue: New insight into the sources and factors driving resin intake in honeybees (Apis mellifera). PLOS ONE. 14(2):e0210594. doi:10.1371/journal.pone.0210594. [accessed 2025 May 20]. https://journals.plos.org/plosone/article?id=10.1371/journal.pone.0210594."
Populus balsamifera,flowersVisitedBy,Papilio canadensis,species,,,USA,Mark Scriber J. 2002. Latitudinal and local geographic mosaics in host plant preferences as shaped by thermal units and voltinism in Papilio spp. (Lepidoptera). Eur J Entomol. 99(2):225–239. doi:10.14411/eje.2002.032. [accessed 2025 May 20]. http://www.eje.cz/doi/10.14411/eje.2002.032.html.
Sporobolus rigidus,flowersVisitedBy,Trimerotropis huronia,species,,,Canada,"Jones, J. 2018. Recovery Strategy for the Lake Huron Grasshopper (Trimerotropis huroniana) in Ontario. Ontario Recovery Strategy Series. Prepared for the Ministry of the Environment, Conservation and Parks, Peterborough, Ontario. [iv] + [27] pp."
